{
 "parent": "item/handheld",
 "textures": {
  "layer0": "item/carrot_on_a_stick"
 },

 "overrides": [
  { "predicate": {"custom_model_data": 420420}, "model": "item/woodenpipe"},
  { "predicate": {"custom_model_data": 420421}, "model": "item/woodenpipe_packed"},
  { "predicate": {"custom_model_data": 420422}, "model": "item/woodenpipe_packed"},
  { "predicate": {"custom_model_data": 420423}, "model": "item/woodenpipe_packed"},
  { "predicate": {"custom_model_data": 420424}, "model": "item/woodenpipe_packed"},
  { "predicate": {"custom_model_data": 420425}, "model": "item/woodenpipe_packed"},
  { "predicate": {"custom_model_data": 422421}, "model": "item/tamper"},
  { "predicate": {"custom_model_data": 423420}, "model": "item/dwarvenpipe"},
  { "predicate": {"custom_model_data": 423421}, "model": "item/dwarvenpipe_packed"},
  { "predicate": {"custom_model_data": 423421}, "model": "item/dwarvenpipe_packed"},
  { "predicate": {"custom_model_data": 423422}, "model": "item/dwarvenpipe_packed"},
  { "predicate": {"custom_model_data": 423423}, "model": "item/dwarvenpipe_packed"},
  { "predicate": {"custom_model_data": 423424}, "model": "item/dwarvenpipe_packed"},
  { "predicate": {"custom_model_data": 423425}, "model": "item/dwarvenpipe_packed"}
 ]

 
}