{
    "providers": [
        {
            "ascent": 4,
            "chars": [
                ""
            ],
            "file": "minecraft:icons/txt/spacer4x4.png",
            "height": 4,
            "type": "bitmap"
        },
        {
            "ascent": 7,
            "chars": [
                "ѽ"
            ],
            "file": "minecraft:icons/txt/1.png",
            "height": 8,
            "type": "bitmap"
        },
        {
            "ascent": 7,
            "chars": [
                "≬"
            ],
            "file": "minecraft:icons/txt/2.png",
            "height": 8,
            "type": "bitmap"
        },
        {
            "ascent": 7,
            "chars": [
                "ઇ"
            ],
            "file": "minecraft:icons/txt/3.png",
            "height": 8,
            "type": "bitmap"
        },
        {
            "ascent": 7,
            "chars": [
                "۵"
            ],
            "file": "minecraft:icons/txt/4.png",
            "height": 8,
            "type": "bitmap"
        },
        {
            "ascent": 7,
            "chars": [
                "≛"
            ],
            "file": "minecraft:icons/txt/5.png",
            "height": 8,
            "type": "bitmap"
        },
        {
            "ascent": 7,
            "chars": [
                "๏"
            ],
            "file": "minecraft:icons/txt/6.png",
            "height": 8,
            "type": "bitmap"
        },
        {
            "ascent": 7,
            "chars": [
                "ɷ"
            ],
            "file": "minecraft:icons/txt/7.png",
            "height": 8,
            "type": "bitmap"
        },
        {
            "ascent": 7,
            "chars": [
                "≖"
            ],
            "file": "minecraft:icons/txt/8.png",
            "height": 8,
            "type": "bitmap"
        },
        {
            "ascent": 7,
            "chars": [
                "῏"
            ],
            "file": "minecraft:icons/txt/9.png",
            "height": 8,
            "type": "bitmap"
        },
        {
            "ascent": 7,
            "chars": [
                ""
            ],
            "file": "minecraft:icons/txt/sponsor.png",
            "height": 8,
            "type": "bitmap"
        },
        {
            "ascent": 7,
            "chars": [
                "佛"
            ],
            "file": "minecraft:icons/txt/message.png",
            "height": 8,
            "type": "bitmap"
        },
        {
            "ascent": 7,
            "chars": [
                "禅"
            ],
            "file": "minecraft:icons/txt/notify.png",
            "height": 8,
            "type": "bitmap"
        },
        {
            "ascent": 7,
            "chars": [
                "∦"
            ],
            "file": "minecraft:icons/txt/10.png",
            "height": 8,
            "type": "bitmap"
        },
        {
            "ascent": 42,
            "chars": [
                ""
            ],
            "file": "minecraft:icons/txt/server.png",
            "height": 60,
            "type": "bitmap"
        },
        {
            "ascent": 8,
            "chars": [
                ""
            ],
            "file": "minecraft:icons/icons/ico_booster.png",
            "height": 8,
            "type": "bitmap"
        },
        {
            "ascent": 8,
            "chars": [
                ""
            ],
            "file": "minecraft:icons/icons/ico_diamond.png",
            "height": 8,
            "type": "bitmap"
        },
        {
            "ascent": 8,
            "chars": [
                ""
            ],
            "file": "minecraft:icons/icons/ico_emerald.png",
            "height": 8,
            "type": "bitmap"
        },
        {
            "ascent": 8,
            "chars": [
                ""
            ],
            "file": "minecraft:icons/icons/ico_gold.png",
            "height": 8,
            "type": "bitmap"
        },
        {
            "ascent": 8,
            "chars": [
                ""
            ],
            "file": "minecraft:icons/icons/ico_human.png",
            "height": 8,
            "type": "bitmap"
        },
        {
            "ascent": 8,
            "chars": [
                ""
            ],
            "file": "minecraft:icons/icons/ico_iron.png",
            "height": 8,
            "type": "bitmap"
        },
        {
            "ascent": 8,
            "chars": [
                ""
            ],
            "file": "minecraft:icons/icons/ico_netherite.png",
            "height": 8,
            "type": "bitmap"
        },
        {
            "ascent": 7,
            "chars": [
                ""
            ],
            "file": "minecraft:icons/emotes/eggevent.png",
            "height": 8,
            "type": "bitmap"
        },
        {
            "ascent": 8,
            "chars": [
                ""
            ],
            "file": "minecraft:icons/emotes/symbolofox.png",
            "height": 8,
            "type": "bitmap"
        },
        {
            "ascent": 8,
            "chars": [
                ""
            ],
            "file": "minecraft:icons/emotes/heart3.png",
            "height": 8,
            "type": "bitmap"
        },
        {
            "ascent": 8,
            "chars": [
                ""
            ],
            "file": "minecraft:icons/emotes/ox.png",
            "height": 8,
            "type": "bitmap"
        },
        {
            "ascent": 8,
            "chars": [
                ""
            ],
            "file": "minecraft:icons/emotes/panda.png",
            "height": 11,
            "type": "bitmap"
        },
        {
            "ascent": 8,
            "chars": [
                ""
            ],
            "file": "minecraft:icons/emotes/moobloom.png",
            "height": 9,
            "type": "bitmap"
        },
        {
            "ascent": 8,
            "chars": [
                ""
            ],
            "file": "minecraft:icons/emotes/mooshroom.png",
            "height": 12,
            "type": "bitmap"
        },
        {
            "ascent": 8,
            "chars": [
                ""
            ],
            "file": "minecraft:icons/emotes/bee.png",
            "height": 11,
            "type": "bitmap"
        },
        {
            "ascent": 8,
            "chars": [
                ""
            ],
            "file": "minecraft:icons/emotes/fox.png",
            "height": 12,
            "type": "bitmap"
        },
        {
            "ascent": 8,
            "chars": [
                ""
            ],
            "file": "minecraft:icons/emotes/pig.png",
            "height": 10,
            "type": "bitmap"
        },
        {
            "ascent": 8,
            "chars": [
                ""
            ],
            "file": "minecraft:icons/emotes/cow.png",
            "height": 12,
            "type": "bitmap"
        },
        {
            "ascent": 8,
            "chars": [
                ""
            ],
            "file": "minecraft:icons/emotes/chicken.png",
            "height": 9,
            "type": "bitmap"
        },
        {
            "ascent": 8,
            "chars": [
                ""
            ],
            "file": "minecraft:icons/emotes/villager.png",
            "height": 9,
            "type": "bitmap"
        },
        {
            "ascent": 8,
            "chars": [
                ""
            ],
            "file": "minecraft:icons/emotes/ravager.png",
            "height": 9,
            "type": "bitmap"
        },
        {
            "ascent": 8,
            "chars": [
                ""
            ],
            "file": "minecraft:icons/emotes/wither.png",
            "height": 9,
            "type": "bitmap"
        },
        {
            "ascent": 8,
            "chars": [
                ""
            ],
            "file": "minecraft:icons/emotes/enderdragon.png",
            "height": 9,
            "type": "bitmap"
        },
        {
            "ascent": 8,
            "chars": [
                ""
            ],
            "file": "minecraft:icons/emotes/zombie.png",
            "height": 9,
            "type": "bitmap"
        },
        {
            "ascent": 8,
            "chars": [
                ""
            ],
            "file": "minecraft:icons/emotes/skeleton.png",
            "height": 9,
            "type": "bitmap"
        },
        {
            "ascent": 8,
            "chars": [
                ""
            ],
            "file": "minecraft:icons/emotes/parrot.png",
            "height": 10,
            "type": "bitmap"
        },
        {
            "ascent": 8,
            "chars": [
                ""
            ],
            "file": "minecraft:icons/emotes/rabbit.png",
            "height": 9,
            "type": "bitmap"
        },
        {
            "ascent": 8,
            "chars": [
                ""
            ],
            "file": "minecraft:icons/emotes/tropicalfish.png",
            "height": 9,
            "type": "bitmap"
        },
        {
            "ascent": 8,
            "chars": [
                ""
            ],
            "file": "minecraft:icons/emotes/sheep.png",
            "height": 11,
            "type": "bitmap"
        },
        {
            "ascent": 8,
            "chars": [
                ""
            ],
            "file": "minecraft:icons/emotes/slime.png",
            "height": 8,
            "type": "bitmap"
        },
        {
            "ascent": 8,
            "chars": [
                ""
            ],
            "file": "minecraft:icons/emotes/squid.png",
            "height": 9,
            "type": "bitmap"
        },
        {
            "ascent": 8,
            "chars": [
                ""
            ],
            "file": "minecraft:icons/emotes/glowsquid.png",
            "height": 9,
            "type": "bitmap"
        },
        {
            "ascent": 8,
            "chars": [
                ""
            ],
            "file": "minecraft:icons/emotes/spider.png",
            "height": 11,
            "type": "bitmap"
        },
        {
            "ascent": 8,
            "chars": [
                ""
            ],
            "file": "minecraft:icons/emotes/creeper.png",
            "height": 9,
            "type": "bitmap"
        },
        {
            "ascent": 8,
            "chars": [
                ""
            ],
            "file": "minecraft:icons/emotes/cat.png",
            "height": 9,
            "type": "bitmap"
        },
        {
            "ascent": 8,
            "chars": [
                ""
            ],
            "file": "minecraft:icons/emotes/shulker.png",
            "height": 8,
            "type": "bitmap"
        },
        {
            "ascent": 8,
            "chars": [
                ""
            ],
            "file": "minecraft:icons/emotes/netheritepickaxe.png",
            "height": 9,
            "type": "bitmap"
        },
        {
            "ascent": 8,
            "chars": [
                ""
            ],
            "file": "minecraft:icons/emotes/diamondpickaxe.png",
            "height": 9,
            "type": "bitmap"
        },
        {
            "ascent": 8,
            "chars": [
                ""
            ],
            "file": "minecraft:icons/emotes/goldpickaxe.png",
            "height": 9,
            "type": "bitmap"
        },
        {
            "ascent": 8,
            "chars": [
                ""
            ],
            "file": "minecraft:icons/emotes/ironpickaxe.png",
            "height": 9,
            "type": "bitmap"
        },
        {
            "ascent": 8,
            "chars": [
                ""
            ],
            "file": "minecraft:icons/emotes/diamondshovel.png",
            "height": 9,
            "type": "bitmap"
        },
        {
            "ascent": 8,
            "chars": [
                ""
            ],
            "file": "minecraft:icons/emotes/golden-shovel.png",
            "height": 9,
            "type": "bitmap"
        },
        {
            "ascent": 8,
            "chars": [
                ""
            ],
            "file": "minecraft:icons/emotes/ironshovel.png",
            "height": 9,
            "type": "bitmap"
        },
        {
            "ascent": 8,
            "chars": [
                ""
            ],
            "file": "minecraft:icons/emotes/diamondsword.png",
            "height": 9,
            "type": "bitmap"
        },
        {
            "ascent": 8,
            "chars": [
                ""
            ],
            "file": "minecraft:icons/emotes/golden-sword.png",
            "height": 9,
            "type": "bitmap"
        },
        {
            "ascent": 8,
            "chars": [
                ""
            ],
            "file": "minecraft:icons/emotes/ironsword.png",
            "height": 9,
            "type": "bitmap"
        },
        {
            "ascent": 8,
            "chars": [
                ""
            ],
            "file": "minecraft:icons/emotes/tntblock.png",
            "height": 8,
            "type": "bitmap"
        },
        {
            "ascent": 8,
            "chars": [
                ""
            ],
            "file": "minecraft:icons/emotes/ruby.png",
            "height": 8,
            "type": "bitmap"
        },
        {
            "ascent": 8,
            "chars": [
                ""
            ],
            "file": "minecraft:icons/emotes/whitegem.png",
            "height": 8,
            "type": "bitmap"
        },
        {
            "ascent": 8,
            "chars": [
                ""
            ],
            "file": "minecraft:icons/emotes/peridot.png",
            "height": 11,
            "type": "bitmap"
        },
        {
            "ascent": 8,
            "chars": [
                ""
            ],
            "file": "minecraft:icons/emotes/ironaxe.png",
            "height": 9,
            "type": "bitmap"
        },
        {
            "ascent": 8,
            "chars": [
                ""
            ],
            "file": "minecraft:icons/emotes/golden-axe.png",
            "height": 9,
            "type": "bitmap"
        },
        {
            "ascent": 8,
            "chars": [
                ""
            ],
            "file": "minecraft:icons/emotes/diamondaxe.png",
            "height": 9,
            "type": "bitmap"
        },
        {
            "ascent": 8,
            "chars": [
                ""
            ],
            "file": "minecraft:icons/emotes/goldenapple.png",
            "height": 8,
            "type": "bitmap"
        },
        {
            "ascent": 8,
            "chars": [
                ""
            ],
            "file": "minecraft:icons/emotes/polarbear.png",
            "height": 11,
            "type": "bitmap"
        },
        {
            "ascent": 8,
            "chars": [
                ""
            ],
            "file": "minecraft:icons/emotes/cake.png",
            "height": 9,
            "type": "bitmap"
        },
        {
            "ascent": 8,
            "chars": [
                ""
            ],
            "file": "minecraft:icons/emotes/cookie.png",
            "height": 10,
            "type": "bitmap"
        },
        {
            "ascent": 8,
            "chars": [
                ""
            ],
            "file": "minecraft:icons/emotes/bread.png",
            "height": 8,
            "type": "bitmap"
        },
        {
            "ascent": 8,
            "chars": [
                ""
            ],
            "file": "minecraft:icons/emotes/netherstar.png",
            "height": 8,
            "type": "bitmap"
        },
        {
            "ascent": 8,
            "chars": [
                ""
            ],
            "file": "minecraft:icons/emotes/emptybottle.png",
            "height": 8,
            "type": "bitmap"
        },
        {
            "ascent": 8,
            "chars": [
                ""
            ],
            "file": "minecraft:icons/emotes/fullredbottle.png",
            "height": 8,
            "type": "bitmap"
        },
        {
            "ascent": 8,
            "chars": [
                ""
            ],
            "file": "minecraft:icons/emotes/trident.png",
            "height": 8,
            "type": "bitmap"
        },
        {
            "ascent": 8,
            "chars": [
                ""
            ],
            "file": "minecraft:icons/emotes/shield.png",
            "height": 8,
            "type": "bitmap"
        },
        {
            "ascent": 8,
            "chars": [
                ""
            ],
            "file": "minecraft:icons/emotes/berry.png",
            "height": 11,
            "type": "bitmap"
        },
        {
            "ascent": 8,
            "chars": [
                ""
            ],
            "file": "minecraft:icons/emotes/arrow.png",
            "height": 9,
            "type": "bitmap"
        },
        {
            "ascent": 8,
            "chars": [
                ""
            ],
            "file": "minecraft:icons/emotes/book.png",
            "height": 10,
            "type": "bitmap"
        },
        {
            "ascent": 8,
            "chars": [
                ""
            ],
            "file": "minecraft:icons/emotes/enchantedbook.png",
            "height": 10,
            "type": "bitmap"
        },
        {
            "ascent": 8,
            "chars": [
                ""
            ],
            "file": "minecraft:icons/emotes/enchantbottle.png",
            "height": 9,
            "type": "bitmap"
        },
        {
            "ascent": 8,
            "chars": [
                ""
            ],
            "file": "minecraft:icons/emotes/redstone.png",
            "height": 9,
            "type": "bitmap"
        },
        {
            "ascent": 8,
            "chars": [
                ""
            ],
            "file": "minecraft:icons/emotes/dandelion.png",
            "height": 9,
            "type": "bitmap"
        },
        {
            "ascent": 8,
            "chars": [
                ""
            ],
            "file": "minecraft:icons/emotes/poppy.png",
            "height": 9,
            "type": "bitmap"
        },
        {
            "ascent": 8,
            "chars": [
                ""
            ],
            "file": "minecraft:icons/emotes/heart.png",
            "height": 10,
            "type": "bitmap"
        },
        {
            "ascent": 8,
            "chars": [
                ""
            ],
            "file": "minecraft:icons/emotes/carrot.png",
            "height": 9,
            "type": "bitmap"
        },
        {
            "ascent": 8,
            "chars": [
                ""
            ],
            "file": "minecraft:icons/emotes/potato.png",
            "height": 9,
            "type": "bitmap"
        },
        {
            "ascent": 8,
            "chars": [
                ""
            ],
            "file": "minecraft:icons/emotes/apple.png",
            "height": 8,
            "type": "bitmap"
        },
        {
            "ascent": 8,
            "chars": [
                ""
            ],
            "file": "minecraft:icons/emotes/valentines-card3.png",
            "height": 8,
            "type": "bitmap"
        },
        {
            "ascent": 8,
            "chars": [
                ""
            ],
            "file": "minecraft:icons/emotes/heart-valentine.png",
            "height": 8,
            "type": "bitmap"
        },
        {
            "ascent": 8,
            "chars": [
                ""
            ],
            "file": "minecraft:icons/emotes/wumpus-body.png",
            "height": 8,
            "type": "bitmap"
        },
        {
            "ascent": 8,
            "chars": [
                ""
            ],
            "file": "minecraft:icons/emotes/discord-heart-wumpus.png",
            "height": 8,
            "type": "bitmap"
        },
        {
            "ascent": 8,
            "chars": [
                ""
            ],
            "file": "minecraft:icons/emotes/discord-wumpus2.png",
            "height": 8,
            "type": "bitmap"
        },
        {
            "ascent": 8,
            "chars": [
                ""
            ],
            "file": "minecraft:icons/emotes/wumpus.png",
            "height": 8,
            "type": "bitmap"
        },
        {
            "ascent": 8,
            "chars": [
                ""
            ],
            "file": "minecraft:icons/emotes/booster.png",
            "height": 8,
            "type": "bitmap"
        },
        {
            "ascent": 8,
            "chars": [
                ""
            ],
            "file": "minecraft:icons/emotes/discord-booster-wumpus.png",
            "height": 8,
            "type": "bitmap"
        },
        {
            "ascent": 8,
            "chars": [
                ""
            ],
            "file": "minecraft:icons/emotes/sunflower.png",
            "height": 12,
            "type": "bitmap"
        },
        {
            "ascent": -32768,
            "chars": [
                "逄"
            ],
            "file": "icons/txt/pixel_split.png",
            "height": -3,
            "type": "bitmap"
        },
        {
            "ascent": 8,
            "chars": [
                ""
            ],
            "file": "minecraft:icons/emotes/rainbow.png",
            "height": 10,
            "type": "bitmap"
        },
        {
            "ascent": 11,
            "chars": [
                "",
                "",
                ""
            ],
            "file": "icons/emotes/emojis.png",
            "height": 16,
            "type": "bitmap"
        },
        {
            "ascent": 8,
            "chars": [
                ""
            ],
            "file": "minecraft:icons/emotes/basket.png",
            "height": 10,
            "type": "bitmap"
        },
        {
            "ascent": 8,
            "chars": [
                ""
            ],
            "file": "minecraft:icons/emotes/easteregg.png",
            "height": 10,
            "type": "bitmap"
        },
        {
            "ascent": 8,
            "chars": [
                ""
            ],
            "file": "minecraft:icons/emotes/globe.png",
            "height": 10,
            "type": "bitmap"
        },
        {
            "ascent": 8,
            "chars": [
                ""
            ],
            "file": "minecraft:icons/emotes/moon.png",
            "height": 10,
            "type": "bitmap"
        },
        {
            "ascent": 8,
            "chars": [
                ""
            ],
            "file": "minecraft:icons/emotes/red_blade.png",
            "height": 10,
            "type": "bitmap"
        },
        {
			"type": "ttf",
			"file": "minecraft:negative_spaces.ttf",
			"shift": [0.0, 0.0],
			"size": 10.0,
			"oversample": 1.0
		},
		{
			"type": "bitmap",
			"file": "minecraft:font/remelt/capacity_0.png",
			"ascent": -14,
			"height": 8,
			"chars": ["\uE000"]
		},
		{
			"type": "bitmap",
			"file": "minecraft:font/remelt/capacity_1.png",
			"ascent": -14,
			"height": 8,
			"chars": ["\uE001"]
		},
		{
			"type": "bitmap",
			"file": "minecraft:font/remelt/capacity_2.png",
			"ascent": -14,
			"height": 8,
			"chars": ["\uE002"]
		},
		{
			"type": "bitmap",
			"file": "minecraft:font/remelt/capacity_3.png",
			"ascent": -14,
			"height": 8,
			"chars": ["\uE003"]
		},
		{
			"type": "bitmap",
			"file": "minecraft:font/remelt/capacity_4.png",
			"ascent": -14,
			"height": 8,
			"chars": ["\uE004"]
		},
		{
			"type": "bitmap",
			"file": "minecraft:font/remelt/capacity_5.png",
			"ascent": -14,
			"height": 8,
			"chars": ["\uE005"]
		},
		{
			"type": "bitmap",
			"file": "minecraft:font/remelt/capacity_6.png",
			"ascent": -14,
			"height": 8,
			"chars": ["\uE006"]
		},
		{
			"type": "bitmap",
			"file": "minecraft:font/remelt/capacity_7.png",
			"ascent": -14,
			"height": 8,
			"chars": ["\uE007"]
		},
		{
			"type": "bitmap",
			"file": "minecraft:font/remelt/capacity_8.png",
			"ascent": -14,
			"height": 8,
			"chars": ["\uE008"]
		},
		{
			"type": "bitmap",
			"file": "minecraft:font/remelt/capacity_9.png",
			"ascent": -14,
			"height": 8,
			"chars": ["\uE009"]
		},
		{
			"type": "bitmap",
			"file": "minecraft:font/remelt/capacity_10.png",
			"ascent": -14,
			"height": 8,
			"chars": ["\uE010"]
		},
		{
			"type": "bitmap",
			"file": "minecraft:font/remelt/capacity_11.png",
			"ascent": -14,
			"height": 8,
			"chars": ["\uE011"]
		},
		{
			"type": "bitmap",
			"file": "minecraft:font/remelt/capacity_12.png",
			"ascent": -14,
			"height": 8,
			"chars": ["\uE012"]
		},
		{
			"type": "bitmap",
			"file": "minecraft:font/remelt/capacity_13.png",
			"ascent": -14,
			"height": 8,
			"chars": ["\uE013"]
		},
		{
			"type": "bitmap",
			"file": "minecraft:font/remelt/capacity_14.png",
			"ascent": -14,
			"height": 8,
			"chars": ["\uE014"]
		},
		{
			"type": "bitmap",
			"file": "minecraft:font/remelt/capacity_15.png",
			"ascent": -14,
			"height": 8,
			"chars": ["\uE015"]
		},
		{
			"type": "bitmap",
			"file": "minecraft:font/remelt/capacity_16.png",
			"ascent": -14,
			"height": 8,
			"chars": ["\uE016"]
		},
		{
			"type": "bitmap",
			"file": "minecraft:font/remelt/capacity_17.png",
			"ascent": -14,
			"height": 8,
			"chars": ["\uE017"]
		},
		{
			"type": "bitmap",
			"file": "minecraft:font/remelt/capacity_18.png",
			"ascent": -14,
			"height": 8,
			"chars": ["\uE018"]
		},
		{
			"type": "bitmap",
			"file": "minecraft:font/remelt/capacity_19.png",
			"ascent": -14,
			"height": 8,
			"chars": ["\uE019"]
		},
		{
			"type": "bitmap",
			"file": "minecraft:font/remelt/capacity_20.png",
			"ascent": -14,
			"height": 8,
			"chars": ["\uE020"]
		},
		{
			"type": "bitmap",
			"file": "minecraft:font/staff/capacity_1.png",
			"ascent": -14,
			"height": 8,
			"chars": ["\uE021"]
		},
		{
			"type": "bitmap",
			"file": "minecraft:font/staff/capacity_2.png",
			"ascent": -14,
			"height": 8,
			"chars": ["\uE022"]
		},
		{
			"type": "bitmap",
			"file": "minecraft:font/staff/capacity_3.png",
			"ascent": -14,
			"height": 8,
			"chars": ["\uE023"]
		},
		{
			"type": "bitmap",
			"file": "minecraft:font/staff/capacity_4.png",
			"ascent": -14,
			"height": 8,
			"chars": ["\uE024"]
		},
		{
			"type": "bitmap",
			"file": "minecraft:font/staff/capacity_5.png",
			"ascent": -14,
			"height": 8,
			"chars": ["\uE025"]
		},
		{
			"type": "bitmap",
			"file": "minecraft:font/staff/capacity_6.png",
			"ascent": -14,
			"height": 8,
			"chars": ["\uE026"]
		},
		{
			"type": "bitmap",
			"file": "minecraft:font/staff/capacity_7.png",
			"ascent": -14,
			"height": 8,
			"chars": ["\uE027"]
		},
		{
			"type": "bitmap",
			"file": "minecraft:font/staff/capacity_8.png",
			"ascent": -14,
			"height": 8,
			"chars": ["\uE028"]
		},
		{
			"type": "bitmap",
			"file": "minecraft:font/staff/capacity_9.png",
			"ascent": -14,
			"height": 8,
			"chars": ["\uE029"]
		},
		{
			"type": "bitmap",
			"file": "minecraft:font/staff/capacity_10.png",
			"ascent": -14,
			"height": 8,
			"chars": ["\uE030"]
		},
		{
			"type": "bitmap",
			"file": "minecraft:font/staff/capacity_11.png",
			"ascent": -14,
			"height": 8,
			"chars": ["\uE031"]
		},
		{
			"type": "bitmap",
			"file": "minecraft:font/staff/capacity_12.png",
			"ascent": -14,
			"height": 8,
			"chars": ["\uE032"]
		},
		{
			"type": "bitmap",
			"file": "minecraft:font/staff/capacity_13.png",
			"ascent": -14,
			"height": 8,
			"chars": ["\uE033"]
		},
		{
			"type": "bitmap",
			"file": "minecraft:font/staff/capacity_14.png",
			"ascent": -14,
			"height": 8,
			"chars": ["\uE034"]
		},
		{
			"type": "bitmap",
			"file": "minecraft:font/staff/capacity_15.png",
			"ascent": -14,
			"height": 8,
			"chars": ["\uE035"]
		},
		{
			"type": "bitmap",
			"file": "minecraft:font/staff/capacity_16.png",
			"ascent": -14,
			"height": 8,
			"chars": ["\uE036"]
		},
		{
			"type": "bitmap",
			"file": "minecraft:font/staff/capacity_17.png",
			"ascent": -14,
			"height": 8,
			"chars": ["\uE037"]
		},
		{
			"type": "bitmap",
			"file": "minecraft:font/staff/capacity_18.png",
			"ascent": -14,
			"height": 8,
			"chars": ["\uE038"]
		},
		{
			"type": "bitmap",
			"file": "minecraft:font/staff/capacity_19.png",
			"ascent": -14,
			"height": 8,
			"chars": ["\uE039"]
		},
		{
			"type": "bitmap",
			"file": "minecraft:font/staff/capacity_20.png",
			"ascent": -14,
			"height": 8,
			"chars": ["\uE040"]
		},
		{
			"type": "bitmap",
			"file": "minecraft:font/remelt/coal.png",
			"ascent": -14,
			"height": 8,
			"chars": ["\uE041"]
		},
		{
			"type": "bitmap",
			"file": "minecraft:font/remelt/173.png",
			"ascent": -14,
			"height": 8,
			"chars": ["\uE042"]
		},
		{
			"type": "bitmap",
			"file": "minecraft:font/remelt/magma_cream.png",
			"ascent": -14,
			"height": 8,
			"chars": ["\uE043"]
		},
		{
			"type": "bitmap",
			"file": "minecraft:font/remelt/blaze_rod.png",
			"ascent": -14,
			"height": 8,
			"chars": ["\uE044"]
		},
		{
			"type": "bitmap",
			"file": "minecraft:font/remelt/blaze_powder.png",
			"ascent": -14,
			"height": 8,
			"chars": ["\uE045"]
		}
    ]
}