{
	"providers": [
		{
			"type": "ttf",
			"file": "minecraft:negative_spaces.ttf",
			"shift": [0.0, 0.0],
			"size": 10.0,
			"oversample": 1.0
		},
		{
			"type": "bitmap",
			"file": "minecraft:font/saturation/icons_0.png",
			"ascent": -26,
			"height": 9,
			"chars": ["\uE000"]
		},
		{
			"type": "bitmap",
			"file": "minecraft:font/saturation/icons_1.png",
			"ascent": -26,
			"height": 9,
			"chars": ["\uE001"]
		},
		{
			"type": "bitmap",
			"file": "minecraft:font/saturation/icons_2.png",
			"ascent": -26,
			"height": 9,
			"chars": ["\uE002"]
		},
		{
			"type": "bitmap",
			"file": "minecraft:font/saturation/icons_3.png",
			"ascent": -26,
			"height": 9,
			"chars": ["\uE003"]
		},
		{
			"type": "bitmap",
			"file": "minecraft:font/saturation/icons_4.png",
			"ascent": -26,
			"height": 9,
			"chars": ["\uE004"]
		},
		{
			"type": "bitmap",
			"file": "minecraft:font/saturation/icons_5.png",
			"ascent": -26,
			"height": 9,
			"chars": ["\uE005"]
		},
		{
			"type": "bitmap",
			"file": "minecraft:font/saturation/icons_6.png",
			"ascent": -26,
			"height": 9,
			"chars": ["\uE006"]
		},
		{
			"type": "bitmap",
			"file": "minecraft:font/saturation/icons_7.png",
			"ascent": -26,
			"height": 9,
			"chars": ["\uE007"]
		},
		{
			"type": "bitmap",
			"file": "minecraft:font/saturation/icons_8.png",
			"ascent": -26,
			"height": 9,
			"chars": ["\uE008"]
		},
		{
			"type": "bitmap",
			"file": "minecraft:font/saturation/icons_9.png",
			"ascent": -26,
			"height": 9,
			"chars": ["\uE009"]
		},
		{
			"type": "bitmap",
			"file": "minecraft:font/saturation/icons_10.png",
			"ascent": -26,
			"height": 9,
			"chars": ["\uE010"]
		},
		{
			"type": "bitmap",
			"file": "minecraft:font/saturation/icons_11.png",
			"ascent": -26,
			"height": 9,
			"chars": ["\uE011"]
		},
		{
			"type": "bitmap",
			"file": "minecraft:font/saturation/icons_12.png",
			"ascent": -26,
			"height": 9,
			"chars": ["\uE012"]
		},
		{
			"type": "bitmap",
			"file": "minecraft:font/saturation/icons_13.png",
			"ascent": -26,
			"height": 9,
			"chars": ["\uE013"]
		},
		{
			"type": "bitmap",
			"file": "minecraft:font/saturation/icons_14.png",
			"ascent": -26,
			"height": 9,
			"chars": ["\uE014"]
		},
		{
			"type": "bitmap",
			"file": "minecraft:font/saturation/icons_15.png",
			"ascent": -26,
			"height": 9,
			"chars": ["\uE015"]
		},
		{
			"type": "bitmap",
			"file": "minecraft:font/saturation/icons_16.png",
			"ascent": -26,
			"height": 9,
			"chars": ["\uE016"]
		},
		{
			"type": "bitmap",
			"file": "minecraft:font/saturation/icons_17.png",
			"ascent": -26,
			"height": 9,
			"chars": ["\uE017"]
		},
		{
			"type": "bitmap",
			"file": "minecraft:font/saturation/icons_18.png",
			"ascent": -26,
			"height": 9,
			"chars": ["\uE018"]
		},
		{
			"type": "bitmap",
			"file": "minecraft:font/saturation/icons_19.png",
			"ascent": -26,
			"height": 9,
			"chars": ["\uE019"]
		},
		{
			"type": "bitmap",
			"file": "minecraft:font/saturation/icons_20.png",
			"ascent": -26,
			"height": 9,
			"chars": ["\uE020"]
		}
	]
}