{
	"credit": "Made with Blockbench",
	"texture_size": [32, 32],
	"textures": {
		"0": "custom/allay",
		"particle": "custom/allay"
	},
	"elements": [
		{
			"name": "body",
			"from": [5.5, 6, 5.5],
			"to": [10.5, 11, 10.5],
			"rotation": {"angle": 0, "axis": "y", "origin": [8, 0, 8]},
			"faces": {
				"north": {"uv": [2.5, 2.5, 5, 5], "texture": "#0"},
				"east": {"uv": [0, 2.5, 2.5, 5], "texture": "#0"},
				"south": {"uv": [7.5, 2.5, 10, 5], "texture": "#0"},
				"west": {"uv": [5, 2.5, 7.5, 5], "texture": "#0"},
				"up": {"uv": [5, 2.5, 2.5, 0], "texture": "#0"},
				"down": {"uv": [7.5, 0, 5, 2.5], "texture": "#0"}
			}
		},
		{
			"name": "bone2",
			"from": [9.4, 3, 7.5],
			"to": [10.4, 6, 8.5],
			"rotation": {"angle": 0, "axis": "y", "origin": [0, 0, 0]},
			"faces": {
				"north": {"uv": [6, 8.5, 6.5, 10], "texture": "#0"},
				"east": {"uv": [5.5, 8.5, 6, 10], "texture": "#0"},
				"south": {"uv": [7, 8.5, 7.5, 10], "texture": "#0"},
				"west": {"uv": [6.5, 8.5, 7, 10], "texture": "#0"},
				"up": {"uv": [6.5, 8.5, 6, 8], "texture": "#0"},
				"down": {"uv": [7, 8, 6.5, 8.5], "texture": "#0"}
			}
		},
		{
			"name": "bone",
			"from": [6.5, 3, 6.5],
			"to": [9.5, 7, 9.5],
			"rotation": {"angle": -22.5, "axis": "x", "origin": [8, 6, 8]},
			"faces": {
				"north": {"uv": [1.5, 6.5, 3, 8.5], "texture": "#0"},
				"east": {"uv": [0, 6.5, 1.5, 8.5], "texture": "#0"},
				"south": {"uv": [4.5, 6.5, 6, 8.5], "texture": "#0"},
				"west": {"uv": [3, 6.5, 4.5, 8.5], "texture": "#0"},
				"up": {"uv": [3, 6.5, 1.5, 5], "texture": "#0"},
				"down": {"uv": [4.5, 5, 3, 6.5], "texture": "#0"}
			}
		},
		{
			"name": "bone",
			"from": [-0.5, 3.96593, 8.75882],
			"to": [6.5, 7.96593, 8.75882],
			"rotation": {"angle": 22.5, "axis": "y", "origin": [6, 5.96593, 8.75882]},
			"faces": {
				"north": {"uv": [7.5, 0, 11, 2], "texture": "#0"},
				"east": {"uv": [7.5, 0, 7.5, 2], "texture": "#0"},
				"south": {"uv": [11, 0, 7.5, 2], "texture": "#0"},
				"west": {"uv": [11, 0, 11, 2], "texture": "#0"},
				"up": {"uv": [11, 0, 7.5, 0], "texture": "#0"},
				"down": {"uv": [14.5, 0, 11, 0], "texture": "#0"}
			}
		},
		{
			"name": "bone",
			"from": [9.5, 3.96593, 8.75882],
			"to": [16.5, 7.96593, 8.75882],
			"rotation": {"angle": -22.5, "axis": "y", "origin": [10, 5.96593, 8.75882]},
			"faces": {
				"north": {"uv": [6, 6, 9.5, 8], "texture": "#0"},
				"east": {"uv": [6, 6, 6, 8], "texture": "#0"},
				"south": {"uv": [9.5, 6, 6, 8], "texture": "#0"},
				"west": {"uv": [9.5, 6, 9.5, 8], "texture": "#0"},
				"up": {"uv": [9.5, 6, 6, 6], "texture": "#0"},
				"down": {"uv": [13, 6, 9.5, 6], "texture": "#0"}
			}
		},
		{
			"name": "bone3",
			"from": [5.64943, 3.01302, 7.50114],
			"to": [6.64943, 6.01302, 8.50114],
			"rotation": {"angle": 0, "axis": "y", "origin": [0, 0, 0]},
			"faces": {
				"north": {"uv": [0.5, 0.5, 1, 2], "texture": "#0"},
				"east": {"uv": [0, 0.5, 0.5, 2], "texture": "#0"},
				"south": {"uv": [1.5, 0.5, 2, 2], "texture": "#0"},
				"west": {"uv": [1, 0.5, 1.5, 2], "texture": "#0"},
				"up": {"uv": [1, 0.5, 0.5, 0], "texture": "#0"},
				"down": {"uv": [1.5, 0, 1, 0.5], "texture": "#0"}
			}
		}
	],
	"display": {
		"head": {
			"scale": [3, 3, 3]
		}
	},
	"groups": [
		{
			"name": "body",
			"shade": false,
			"origin": [0, 0, 0],
			"children": [0,
				{
					"name": "bone2",
					"origin": [1.4, 6, 0],
					"rotation": [-5, 0, 5],
					"children": [1]
				},
				{
					"name": "bone",
					"origin": [0, 7, 0],
					"rotation": [-15, 0, 0],
					"children": [2, 3, 4]
				},
				{
					"name": "bone3",
					"origin": [-1.5, 6, 0],
					"rotation": [-5, 0, -5],
					"children": [5]
				}
			]
		}
	]
}