{
	"credit": "Made with Blockbench",
	"texture_size": [64, 64],
	"textures": {
		"0": "custom/copper_golem_3",
		"particle": "custom/copper_golem_3"
	},
	"elements": [
		{
			"name": "body",
			"from": [12, 0, 7],
			"to": [14, 9, 9],
			"rotation": {"angle": -22.5, "axis": "x", "origin": [13, 9, 8]},
			"faces": {
				"north": {"uv": [7.5, 3.75, 8, 6], "texture": "#0"},
				"east": {"uv": [7, 3.75, 7.5, 6], "texture": "#0"},
				"south": {"uv": [8.5, 3.75, 9, 6], "texture": "#0"},
				"west": {"uv": [8, 3.75, 8.5, 6], "texture": "#0"},
				"up": {"uv": [8, 3.75, 7.5, 3.25], "texture": "#0"},
				"down": {"uv": [8.5, 3.25, 8, 3.75], "texture": "#0"}
			}
		},
		{
			"name": "body",
			"from": [4, 8, 4],
			"to": [12, 13, 12],
			"rotation": {"angle": 0, "axis": "y", "origin": [8, 0, 8]},
			"faces": {
				"north": {"uv": [2, 2, 4, 3.25], "texture": "#0"},
				"east": {"uv": [0, 2, 2, 3.25], "texture": "#0"},
				"south": {"uv": [6, 2, 8, 3.25], "texture": "#0"},
				"west": {"uv": [4, 2, 6, 3.25], "texture": "#0"},
				"up": {"uv": [4, 2, 2, 0], "texture": "#0"},
				"down": {"uv": [6, 0, 4, 2], "texture": "#0"}
			}
		},
		{
			"name": "body",
			"from": [4, 4, 5],
			"to": [12, 8, 11],
			"rotation": {"angle": 0, "axis": "y", "origin": [8, 0, 8]},
			"faces": {
				"north": {"uv": [1.5, 4.75, 3.5, 5.75], "texture": "#0"},
				"east": {"uv": [0, 4.75, 1.5, 5.75], "texture": "#0"},
				"south": {"uv": [5, 4.75, 7, 5.75], "texture": "#0"},
				"west": {"uv": [3.5, 4.75, 5, 5.75], "texture": "#0"},
				"up": {"uv": [3.5, 4.75, 1.5, 3.25], "texture": "#0"},
				"down": {"uv": [5.5, 3.25, 3.5, 4.75], "texture": "#0"}
			}
		},
		{
			"name": "body",
			"from": [8, 0, 6],
			"to": [12, 4, 10],
			"rotation": {"angle": 22.5, "axis": "x", "origin": [10, 4, 8]},
			"faces": {
				"north": {"uv": [5, 6.75, 6, 7.75], "texture": "#0"},
				"east": {"uv": [4, 6.75, 5, 7.75], "texture": "#0"},
				"south": {"uv": [7, 6.75, 8, 7.75], "texture": "#0"},
				"west": {"uv": [6, 6.75, 7, 7.75], "texture": "#0"},
				"up": {"uv": [6, 6.75, 5, 5.75], "texture": "#0"},
				"down": {"uv": [7, 5.75, 6, 6.75], "texture": "#0"}
			}
		},
		{
			"name": "body",
			"from": [4, 0, 6],
			"to": [8, 4, 10],
			"rotation": {"angle": -22.5, "axis": "x", "origin": [6, 4, 8]},
			"faces": {
				"north": {"uv": [1, 6.75, 2, 7.75], "texture": "#0"},
				"east": {"uv": [0, 6.75, 1, 7.75], "texture": "#0"},
				"south": {"uv": [3, 6.75, 4, 7.75], "texture": "#0"},
				"west": {"uv": [2, 6.75, 3, 7.75], "texture": "#0"},
				"up": {"uv": [2, 6.75, 1, 5.75], "texture": "#0"},
				"down": {"uv": [3, 5.75, 2, 6.75], "texture": "#0"}
			}
		},
		{
			"name": "body",
			"from": [2, 0, 7],
			"to": [4, 9, 9],
			"rotation": {"angle": 22.5, "axis": "x", "origin": [3, 9, 8]},
			"faces": {
				"north": {"uv": [8, 8, 8.5, 10.25], "texture": "#0"},
				"east": {"uv": [7.5, 8, 8, 10.25], "texture": "#0"},
				"south": {"uv": [9, 8, 9.5, 10.25], "texture": "#0"},
				"west": {"uv": [8.5, 8, 9, 10.25], "texture": "#0"},
				"up": {"uv": [8.5, 8, 8, 7.5], "texture": "#0"},
				"down": {"uv": [9, 7.5, 8.5, 8], "texture": "#0"}
			}
		},
		{
			"name": "body",
			"from": [7, 7, 2],
			"to": [9, 10, 4],
			"rotation": {"angle": 0, "axis": "y", "origin": [8, 0, 8]},
			"faces": {
				"north": {"uv": [0.5, 0.5, 1, 1.25], "texture": "#0"},
				"east": {"uv": [0, 0.5, 0.5, 1.25], "texture": "#0"},
				"south": {"uv": [1.5, 0.5, 2, 1.25], "texture": "#0"},
				"west": {"uv": [1, 0.5, 1.5, 1.25], "texture": "#0"},
				"up": {"uv": [1, 0.5, 0.5, 0], "texture": "#0"},
				"down": {"uv": [1.5, 0, 1, 0.5], "texture": "#0"}
			}
		},
		{
			"name": "body",
			"from": [7, 13, 7],
			"to": [9, 15, 9],
			"rotation": {"angle": 0, "axis": "y", "origin": [8, 0, 8]},
			"faces": {
				"north": {"uv": [3.5, 6.25, 4, 6.75], "texture": "#0"},
				"east": {"uv": [3, 6.25, 3.5, 6.75], "texture": "#0"},
				"south": {"uv": [4.5, 6.25, 5, 6.75], "texture": "#0"},
				"west": {"uv": [4, 6.25, 4.5, 6.75], "texture": "#0"},
				"up": {"uv": [4, 6.25, 3.5, 5.75], "texture": "#0"},
				"down": {"uv": [4.5, 5.75, 4, 6.25], "texture": "#0"}
			}
		},
		{
			"name": "body",
			"from": [6.5, 15, 6.5],
			"to": [9.5, 18, 9.5],
			"rotation": {"angle": 0, "axis": "y", "origin": [8, 0, 8]},
			"faces": {
				"north": {"uv": [6.75, 0.75, 7.5, 1.5], "texture": "#0"},
				"east": {"uv": [6, 0.75, 6.75, 1.5], "texture": "#0"},
				"south": {"uv": [8.25, 0.75, 9, 1.5], "texture": "#0"},
				"west": {"uv": [7.5, 0.75, 8.25, 1.5], "texture": "#0"},
				"up": {"uv": [7.5, 0.75, 6.75, 0], "texture": "#0"},
				"down": {"uv": [8.25, 0, 7.5, 0.75], "texture": "#0"}
			}
		}
	],
	"display": {
		"head": {
			"translation": [0, -29.25, 0],
			"scale": [1.75, 1.75, 1.75]
		}
	}
}