{
  "parent": "minecraft:item/generated",
  "textures": {
    "layer0": "minecraft:block/dandelion"
  },
    "overrides": [
        { "predicate": { "custom_model_data": 8360001 }, "model": "mcmobs:entity/moobloom/idle" },
		{ "predicate": { "custom_model_data": 8360002 }, "model": "mcmobs:entity/moobloom/animated" },
		{ "predicate": { "custom_model_data": 8360003 }, "model": "mcmobs:entity/moobloom/hurt_idle" },
		{ "predicate": { "custom_model_data": 8360004 }, "model": "mcmobs:entity/moobloom/hurt_animated" },
		{ "predicate": { "custom_model_data": 8360005 }, "model": "mcmobs:entity/iceologer/idle" },
		{ "predicate": { "custom_model_data": 8360006 }, "model": "mcmobs:entity/iceologer/animated" },
		{ "predicate": { "custom_model_data": 8360007 }, "model": "mcmobs:entity/iceologer/spellcast" },
		{ "predicate": { "custom_model_data": 8360008 }, "model": "mcmobs:entity/iceologer/idle_hurt" },
		{ "predicate": { "custom_model_data": 8360009 }, "model": "mcmobs:entity/iceologer/animated_hurt" },
		{ "predicate": { "custom_model_data": 8360010 }, "model": "mcmobs:entity/iceologer/spellcast_hurt" },
		{ "predicate": { "custom_model_data": 8360011 }, "model": "mcmobs:entity/iceologer/ice_block" },
		{ "predicate": { "custom_model_data": 8360012 }, "model": "mcmobs:entity/glow_squid/idle" },
		{ "predicate": { "custom_model_data": 8360013 }, "model": "mcmobs:entity/glow_squid/idle_hurt" },
		{ "predicate": { "custom_model_data": 8360014 }, "model": "mcmobs:entity/hunger/idle" },
		{ "predicate": { "custom_model_data": 8360015 }, "model": "mcmobs:entity/hunger/animated" },
		{ "predicate": { "custom_model_data": 8360016 }, "model": "mcmobs:entity/hunger/idle_hurt" },
		{ "predicate": { "custom_model_data": 8360017 }, "model": "mcmobs:entity/hunger/animated_hurt" },
		{ "predicate": { "custom_model_data": 8360018 }, "model": "mcmobs:entity/hunger/resting" },
		{ "predicate": { "custom_model_data": 8360019 }, "model": "mcmobs:entity/inferno/idle" },
		{ "predicate": { "custom_model_data": 8360020 }, "model": "mcmobs:entity/inferno/shields" },
		{ "predicate": { "custom_model_data": 8360021 }, "model": "mcmobs:entity/inferno/idle_hurt" },
		{ "predicate": { "custom_model_data": 8360022 }, "model": "mcmobs:entity/inferno/shields_hurt" },
		{ "predicate": { "custom_model_data": 8360023 }, "model": "mcmobs:entity/warden/idle" },
		{ "predicate": { "custom_model_data": 8360024 }, "model": "mcmobs:entity/warden/animated" },
		{ "predicate": { "custom_model_data": 8360025 }, "model": "mcmobs:entity/warden/screech" },
		{ "predicate": { "custom_model_data": 8360026 }, "model": "mcmobs:entity/warden/idlehurt" },
		{ "predicate": { "custom_model_data": 8360027 }, "model": "mcmobs:entity/warden/animatedhurt" },
		{ "predicate": { "custom_model_data": 8360028 }, "model": "mcmobs:entity/axolotl/idle" },
		{ "predicate": { "custom_model_data": 8360029 }, "model": "mcmobs:entity/axolotl/animated" },
		{ "predicate": { "custom_model_data": 8360030 }, "model": "mcmobs:entity/axolotl/idlehurt" },
		{ "predicate": { "custom_model_data": 8360031 }, "model": "mcmobs:entity/axolotl/animatedhurt" },
		{ "predicate": { "custom_model_data": 8360032 }, "model": "mcmobs:entity/warden/vibe" },
		{ "predicate": { "custom_model_data": 8360033 }, "model": "mcmobs:entity/goat/idle" },
		{ "predicate": { "custom_model_data": 8360034 }, "model": "mcmobs:entity/goat/animated" },
		{ "predicate": { "custom_model_data": 8360035 }, "model": "mcmobs:entity/goat/idlehurt" },
		{ "predicate": { "custom_model_data": 8360036 }, "model": "mcmobs:entity/goat/animatedhurt" },
		{ "predicate": { "custom_model_data": 8360037 }, "model": "mcmobs:entity/goat/baby/idle" },
		{ "predicate": { "custom_model_data": 8360038 }, "model": "mcmobs:entity/goat/baby/animated" },
		{ "predicate": { "custom_model_data": 8360039 }, "model": "mcmobs:entity/goat/baby/idlehurt" },
		{ "predicate": { "custom_model_data": 8360040 }, "model": "mcmobs:entity/goat/baby/animatedhurt" }
    ]
}