{"parent":"minecraft:item/generated","textures":{"layer0":"minecraft:item/apple"},"overrides":[{"predicate":{"custom_model_data":10000},"model":"itemsadder:auto_generated/tomato"},{"predicate":{"custom_model_data":10001},"model":"itemsadder:auto_generated/banana"},{"predicate":{"custom_model_data":10002},"model":"itemsadder:auto_generated/garlic"},{"predicate":{"custom_model_data":10003},"model":"itemsadder:auto_generated/lettuce"},{"predicate":{"custom_model_data":10004},"model":"itemsadder:auto_generated/chili_pepper"},{"predicate":{"custom_model_data":10005},"model":"itemsadder:auto_generated/pear"},{"predicate":{"custom_model_data":10006},"model":"itemsadder:auto_generated/rice"},{"predicate":{"custom_model_data":10007},"model":"minecraft:item/apple"}]}