{
"parent": "item/generated",
"textures": {
"layer0": "item/copper_ingot"
}
,
"overrides": [{"predicate": {"custom_model_data": 1},"model": "item/copper/stage_0_0"},{"predicate": {"custom_model_data": 2},"model": "item/copper/stage_0_1"},{"predicate": {"custom_model_data": 3},"model": "item/copper/stage_0_2"},{"predicate": {"custom_model_data": 4},"model": "item/copper/stage_0_3"},{"predicate": {"custom_model_data": 5},"model": "item/copper/stage_0_4"},{"predicate": {"custom_model_data": 11},"model": "item/copper/stage_1_0"},{"predicate": {"custom_model_data": 12},"model": "item/copper/stage_1_1"},{"predicate": {"custom_model_data": 13},"model": "item/copper/stage_1_2"},{"predicate": {"custom_model_data": 14},"model": "item/copper/stage_1_3"},{"predicate": {"custom_model_data": 15},"model": "item/copper/stage_1_4"},{"predicate": {"custom_model_data": 21},"model": "item/copper/stage_2_0"},{"predicate": {"custom_model_data": 22},"model": "item/copper/stage_2_1"},{"predicate": {"custom_model_data": 23},"model": "item/copper/stage_2_2"},{"predicate": {"custom_model_data": 24},"model": "item/copper/stage_2_3"},{"predicate": {"custom_model_data": 25},"model": "item/copper/stage_2_4"},{"predicate": {"custom_model_data": 31},"model": "item/copper/stage_3_0"},{"predicate": {"custom_model_data": 32},"model": "item/copper/stage_3_1"},{"predicate": {"custom_model_data": 33},"model": "item/copper/stage_3_2"},{"predicate": {"custom_model_data": 34},"model": "item/copper/stage_3_3"},{"predicate": {"custom_model_data": 35},"model": "item/copper/stage_3_4"}]
}
