{"parent":"item/generated","textures":{"layer0":"item/leather_leggings","layer1":"item/leather_leggings_overlay"},"overrides":[{"predicate":{"custom_model_data":10000},"model":"itemsadder:auto_generated/ruby_legs"},{"predicate":{"custom_model_data":10001},"model":"itemsadder:auto_generated/spinel_legs"},{"predicate":{"custom_model_data":10002},"model":"itemsadder:auto_generated/turquoise_legs"},{"predicate":{"custom_model_data":10003},"model":"itemsadder:auto_generated/aqua_legs"},{"predicate":{"custom_model_data":10004},"model":"itemsadder:auto_generated/amethyst_legs"},{"predicate":{"custom_model_data":10005},"model":"itemsadder:auto_generated/emerald_legs"},{"predicate":{"custom_model_data":10006},"model":"itemsadder:auto_generated/obsidian_legs"},{"predicate":{"custom_model_data":10007},"model":"itemsadder:auto_generated/mysterious_legs"},{"predicate":{"custom_model_data":10008},"model":"itemsadder:auto_generated/bronze_legs"},{"predicate":{"custom_model_data":10009},"model":"minecraft:item/leather_leggings"}]}