{"parent":"minecraft:item/generated","textures":{"layer0":"minecraft:item/paper"},"overrides":[{"predicate":{"custom_model_data":10000},"model":"itemsadder:auto_generated/ruby_block"},{"predicate":{"custom_model_data":10001},"model":"itemsadder:auto_generated/crystal_block"},{"predicate":{"custom_model_data":10002},"model":"itemsadder:auto_generated/spinel_block"},{"predicate":{"custom_model_data":10003},"model":"itemsadder:auto_generated/turquoise_block"},{"predicate":{"custom_model_data":10004},"model":"itemsadder:auto_generated/aqua_aura_block"},{"predicate":{"custom_model_data":10005},"model":"itemsadder:auto_generated/amethyst_block"},{"predicate":{"custom_model_data":10006},"model":"itemsadder:auto_generated/amethyst_prism_block"},{"predicate":{"custom_model_data":10007},"model":"itemsadder:auto_generated/crying_obsidian"},{"predicate":{"custom_model_data":10008},"model":"itemsadder:auto_generated/nice_stone"},{"predicate":{"custom_model_data":10009},"model":"itemsadder:auto_generated/nice_wood"},{"predicate":{"custom_model_data":10010},"model":"itemsadder:auto_generated/modern_stone"},{"predicate":{"custom_model_data":10011},"model":"itemsadder:auto_generated/modern_sandstone"},{"predicate":{"custom_model_data":10012},"model":"itemsadder:auto_generated/modern_quartz"},{"predicate":{"custom_model_data":10013},"model":"itemsadder:auto_generated/ruby_ore"},{"predicate":{"custom_model_data":10014},"model":"itemsadder:auto_generated/spinel_ore"},{"predicate":{"custom_model_data":10015},"model":"itemsadder:auto_generated/turquoise_ore"},{"predicate":{"custom_model_data":10016},"model":"itemsadder:auto_generated/aqua_aura_ore"},{"predicate":{"custom_model_data":10017},"model":"itemsadder:auto_generated/amethyst_ore"},{"predicate":{"custom_model_data":10018},"model":"itemsadder:auto_generated/bronze_ore"},{"predicate":{"custom_model_data":10019},"model":"itemsadder:auto_generated/mysterious_ore"},{"predicate":{"custom_model_data":10020},"model":"itemsadder:auto_generated/end_ore"},{"predicate":{"custom_model_data":10021},"model":"itemsadder:block/restoration_table"},{"predicate":{"custom_model_data":10022},"model":"itemsadder:block/customization_table"},{"predicate":{"custom_model_data":10023},"model":"itemsadder:auto_generated/iron_dirt_ore"},{"predicate":{"custom_model_data":10024},"model":"itemsadder:auto_generated/gold_dirt_ore"},{"predicate":{"custom_model_data":10025},"model":"itemsadder:auto_generated/coal_dirt_ore"},{"predicate":{"custom_model_data":10026},"model":"itemsadder:auto_generated/blaze_powder_ore"},{"predicate":{"custom_model_data":10027},"model":"itemsadder:auto_generated/nether_alchemy_ore"},{"predicate":{"custom_model_data":10028},"model":"itemsadder:item/old_clock"},{"predicate":{"custom_model_data":10029},"model":"itemsadder:item/opened_chest"},{"predicate":{"custom_model_data":10030},"model":"itemsadder:item/computer_desk"},{"predicate":{"custom_model_data":10031},"model":"itemsadder:item/table"},{"predicate":{"custom_model_data":10032},"model":"itemsadder:item/lamp"},{"predicate":{"custom_model_data":10033},"model":"itemsadder:item/simple_chair"},{"predicate":{"custom_model_data":10034},"model":"itemsadder:item/lava_lamp"},{"predicate":{"custom_model_data":10035},"model":"itemsadder:item/white_chair"},{"predicate":{"custom_model_data":10036},"model":"itemsadder:item/glass_table"},{"predicate":{"custom_model_data":10037},"model":"itemsadder:item/computer_chair"},{"predicate":{"custom_model_data":10038},"model":"itemsadder:item/monitor"},{"predicate":{"custom_model_data":10039},"model":"itemsadder:item/tv"},{"predicate":{"custom_model_data":10040},"model":"itemsadder:item/mini_fridge"},{"predicate":{"custom_model_data":10041},"model":"itemsadder:item/energy_extractor"},{"predicate":{"custom_model_data":10042},"model":"itemsadder:item/energy_converter"},{"predicate":{"custom_model_data":10043},"model":"itemsadder:item/vending_machine"},{"predicate":{"custom_model_data":10044},"model":"itemsadder:item/coffee_machine"},{"predicate":{"custom_model_data":10045},"model":"itemsadder:item/mysterious_stone"},{"predicate":{"custom_model_data":10046},"model":"itemsadder:item/alchemy_candles"},{"predicate":{"custom_model_data":10047},"model":"itemsadder:item/painting_burst"},{"predicate":{"custom_model_data":10048},"model":"itemsadder:item/painting_courbet"},{"predicate":{"custom_model_data":10049},"model":"itemsadder:item/painting_graham"},{"predicate":{"custom_model_data":10050},"model":"itemsadder:item/painting_match"},{"predicate":{"custom_model_data":10051},"model":"itemsadder:item/painting_pool"},{"predicate":{"custom_model_data":10052},"model":"itemsadder:item/painting_skull_and_roses"},{"predicate":{"custom_model_data":10053},"model":"itemsadder:item/painting_stage"},{"predicate":{"custom_model_data":10054},"model":"itemsadder:item/painting_void"},{"predicate":{"custom_model_data":10055},"model":"itemsadder:item/painting_wanderer"},{"predicate":{"custom_model_data":10056},"model":"itemsadder:item/white_bar_chair"},{"predicate":{"custom_model_data":10057},"model":"itemsadder:item/orange_bar_chair"},{"predicate":{"custom_model_data":10058},"model":"itemsadder:item/magenta_bar_chair"},{"predicate":{"custom_model_data":10059},"model":"itemsadder:item/light_blue_bar_chair"},{"predicate":{"custom_model_data":10060},"model":"itemsadder:item/yellow_bar_chair"},{"predicate":{"custom_model_data":10061},"model":"itemsadder:item/lime_bar_chair"},{"predicate":{"custom_model_data":10062},"model":"itemsadder:item/pink_bar_chair"},{"predicate":{"custom_model_data":10063},"model":"itemsadder:item/gray_bar_chair"},{"predicate":{"custom_model_data":10064},"model":"itemsadder:item/light_gray_bar_chair"},{"predicate":{"custom_model_data":10065},"model":"itemsadder:item/cyan_bar_chair"},{"predicate":{"custom_model_data":10066},"model":"itemsadder:item/purple_bar_chair"},{"predicate":{"custom_model_data":10067},"model":"itemsadder:item/blue_bar_chair"},{"predicate":{"custom_model_data":10068},"model":"itemsadder:item/brown_bar_chair"},{"predicate":{"custom_model_data":10069},"model":"itemsadder:item/green_bar_chair"},{"predicate":{"custom_model_data":10070},"model":"itemsadder:item/red_bar_chair"},{"predicate":{"custom_model_data":10071},"model":"itemsadder:item/black_bar_chair"},{"predicate":{"custom_model_data":10072},"model":"itemsadder:item/white_wood_chair"},{"predicate":{"custom_model_data":10073},"model":"itemsadder:item/orange_wood_chair"},{"predicate":{"custom_model_data":10074},"model":"itemsadder:item/magenta_wood_chair"},{"predicate":{"custom_model_data":10075},"model":"itemsadder:item/light_blue_wood_chair"},{"predicate":{"custom_model_data":10076},"model":"itemsadder:item/yellow_wood_chair"},{"predicate":{"custom_model_data":10077},"model":"itemsadder:item/lime_wood_chair"},{"predicate":{"custom_model_data":10078},"model":"itemsadder:item/pink_wood_chair"},{"predicate":{"custom_model_data":10079},"model":"itemsadder:item/gray_wood_chair"},{"predicate":{"custom_model_data":10080},"model":"itemsadder:item/light_gray_wood_chair"},{"predicate":{"custom_model_data":10081},"model":"itemsadder:item/cyan_wood_chair"},{"predicate":{"custom_model_data":10082},"model":"itemsadder:item/purple_wood_chair"},{"predicate":{"custom_model_data":10083},"model":"itemsadder:item/blue_wood_chair"},{"predicate":{"custom_model_data":10084},"model":"itemsadder:item/brown_wood_chair"},{"predicate":{"custom_model_data":10085},"model":"itemsadder:item/green_wood_chair"},{"predicate":{"custom_model_data":10086},"model":"itemsadder:item/red_wood_chair"},{"predicate":{"custom_model_data":10087},"model":"itemsadder:item/black_wood_chair"},{"predicate":{"custom_model_data":10088},"model":"itemsadder:item/dark_throne"},{"predicate":{"custom_model_data":10089},"model":"itemsadder:item/school_chair"},{"predicate":{"custom_model_data":10090},"model":"itemsadder:item/school_chair_lazy"},{"predicate":{"custom_model_data":10091},"model":"itemsadder:item/white_chandeliers"},{"predicate":{"custom_model_data":10092},"model":"itemsadder:item/black_chandeliers"},{"predicate":{"custom_model_data":10093},"model":"itemsadder:item/black_and_red_chandeliers"},{"predicate":{"custom_model_data":10094},"model":"itemsadder:item/small_fountain"},{"predicate":{"custom_model_data":10095},"model":"itemsadder:item/lit_campfire"},{"predicate":{"custom_model_data":10096},"model":"itemsadder:item/decorative_pumpkin"},{"predicate":{"custom_model_data":10097},"model":"itemsadder:item/christmas_tree"},{"predicate":{"custom_model_data":10098},"model":"itemsadder:item/christmas_candle"},{"predicate":{"custom_model_data":10099},"model":"itemsadder:item/decorative_candy_cane"},{"predicate":{"custom_model_data":10100},"model":"itemsadder:item/christmas_wreath"},{"predicate":{"custom_model_data":10101},"model":"itemsadder:item/shopping_cart"},{"predicate":{"custom_model_data":10102},"model":"itemsadder:item/white_go_cart"},{"predicate":{"custom_model_data":10103},"model":"itemsadder:item/orange_go_cart"},{"predicate":{"custom_model_data":10104},"model":"itemsadder:item/magenta_go_cart"},{"predicate":{"custom_model_data":10105},"model":"itemsadder:item/light_blue_go_cart"},{"predicate":{"custom_model_data":10106},"model":"itemsadder:item/yellow_go_cart"},{"predicate":{"custom_model_data":10107},"model":"itemsadder:item/lime_go_cart"},{"predicate":{"custom_model_data":10108},"model":"itemsadder:item/pink_go_cart"},{"predicate":{"custom_model_data":10109},"model":"itemsadder:item/gray_go_cart"},{"predicate":{"custom_model_data":10110},"model":"itemsadder:item/light_gray_go_cart"},{"predicate":{"custom_model_data":10111},"model":"itemsadder:item/cyan_go_cart"},{"predicate":{"custom_model_data":10112},"model":"itemsadder:item/purple_go_cart"},{"predicate":{"custom_model_data":10113},"model":"itemsadder:item/blue_go_cart"},{"predicate":{"custom_model_data":10114},"model":"itemsadder:item/brown_go_cart"},{"predicate":{"custom_model_data":10115},"model":"itemsadder:item/green_go_cart"},{"predicate":{"custom_model_data":10116},"model":"itemsadder:item/red_go_cart"},{"predicate":{"custom_model_data":10117},"model":"itemsadder:item/black_go_cart"},{"predicate":{"custom_model_data":10118},"model":"itemsadder:item/oak_wood_plane"},{"predicate":{"custom_model_data":10119},"model":"itemsadder:item/spruce_wood_plane"},{"predicate":{"custom_model_data":10120},"model":"itemsadder:item/birch_wood_plane"},{"predicate":{"custom_model_data":10121},"model":"itemsadder:item/jungle_wood_plane"},{"predicate":{"custom_model_data":10122},"model":"itemsadder:item/acacia_wood_plane"},{"predicate":{"custom_model_data":10123},"model":"itemsadder:item/dark_oak_wood_plane"},{"predicate":{"custom_model_data":10124},"model":"itemsadder:item/ufo"},{"predicate":{"custom_model_data":10125},"model":"itemsadder:item/broomstick"},{"predicate":{"custom_model_data":10126},"model":"mcicons:auto_generated/icon_left_gray"},{"predicate":{"custom_model_data":10127},"model":"mcicons:auto_generated/icon_left_blue"},{"predicate":{"custom_model_data":10128},"model":"mcicons:auto_generated/icon_right_gray"},{"predicate":{"custom_model_data":10129},"model":"mcicons:auto_generated/icon_right_blue"},{"predicate":{"custom_model_data":10130},"model":"mcicons:auto_generated/icon_up_gray"},{"predicate":{"custom_model_data":10131},"model":"mcicons:auto_generated/icon_up_blue"},{"predicate":{"custom_model_data":10132},"model":"mcicons:auto_generated/icon_down_gray"},{"predicate":{"custom_model_data":10133},"model":"mcicons:auto_generated/icon_down_blue"},{"predicate":{"custom_model_data":10134},"model":"mcicons:auto_generated/icon_next_white"},{"predicate":{"custom_model_data":10135},"model":"mcicons:auto_generated/icon_next_orange"},{"predicate":{"custom_model_data":10136},"model":"mcicons:auto_generated/icon_back_white"},{"predicate":{"custom_model_data":10137},"model":"mcicons:auto_generated/icon_back_orange"},{"predicate":{"custom_model_data":10138},"model":"mcicons:auto_generated/icon_cancel"},{"predicate":{"custom_model_data":10139},"model":"mcicons:auto_generated/icon_confirm"},{"predicate":{"custom_model_data":10140},"model":"mcicons:auto_generated/icon_lock"},{"predicate":{"custom_model_data":10141},"model":"mcicons:auto_generated/icon_unlock"},{"predicate":{"custom_model_data":10142},"model":"mcicons:auto_generated/icon_web"},{"predicate":{"custom_model_data":10143},"model":"mcicons:auto_generated/icon_ender_chest"},{"predicate":{"custom_model_data":10144},"model":"mcicons:auto_generated/icon_refresh"},{"predicate":{"custom_model_data":10145},"model":"mcicons:auto_generated/icon_time_day"},{"predicate":{"custom_model_data":10146},"model":"mcicons:auto_generated/icon_time_midnight"},{"predicate":{"custom_model_data":10147},"model":"mcicons:auto_generated/icon_time_night"},{"predicate":{"custom_model_data":10148},"model":"mcicons:auto_generated/icon_time_noon"},{"predicate":{"custom_model_data":10149},"model":"mcicons:auto_generated/icon_time_sunrise"},{"predicate":{"custom_model_data":10150},"model":"mcicons:auto_generated/icon_time_sunset"},{"predicate":{"custom_model_data":10151},"model":"mcicons:auto_generated/icon_toggle_off"},{"predicate":{"custom_model_data":10152},"model":"mcicons:auto_generated/icon_toggle_on"},{"predicate":{"custom_model_data":10153},"model":"mcicons:auto_generated/icon_arrow_chest"},{"predicate":{"custom_model_data":10154},"model":"mcicons:auto_generated/icon_plus"},{"predicate":{"custom_model_data":10155},"model":"mcicons:auto_generated/icon_color_picker"},{"predicate":{"custom_model_data":10156},"model":"mcicons:auto_generated/icon_comment"},{"predicate":{"custom_model_data":10157},"model":"mcicons:auto_generated/icon_search"},{"predicate":{"custom_model_data":10158},"model":"minecraft:item/paper"}]}