{"parent":"minecraft:item/handheld","textures":{"layer0":"minecraft:item/wooden_sword"},"overrides":[{"predicate":{"custom_model_data":10000},"model":"realcraft:auto_generated/waterskin"},{"predicate":{"custom_model_data":10001},"model":"itemsadder:item/baseball_bat"},{"predicate":{"custom_model_data":10002},"model":"itemsadder:item/gandalf_stick"},{"predicate":{"custom_model_data":10003},"model":"itemsadder:auto_generated/crystal_sword"},{"predicate":{"custom_model_data":10004},"model":"itemsadder:auto_generated/guitar_sword"},{"predicate":{"custom_model_data":10005},"model":"itemsadder:auto_generated/sweets_sword"},{"predicate":{"custom_model_data":10006},"model":"itemsadder:auto_generated/knife"},{"predicate":{"custom_model_data":10007},"model":"itemsadder:auto_generated/chisel"},{"predicate":{"custom_model_data":10008},"model":"minecraft:item/wooden_sword"}]}