{
	"credit": "Made with Blockbench",
	"texture_size": [128, 128],
	"textures": {
		"0": "custom/glare",
		"particle": "custom/glare"
	},
	"elements": [
		{
			"name": "body",
			"from": [1, 2, 1],
			"to": [15, 13, 15],
			"rotation": {"angle": 0, "axis": "y", "origin": [8, 0, 8]},
			"faces": {
				"north": {"uv": [1.75, 1.75, 3.5, 3.125], "texture": "#0"},
				"east": {"uv": [0, 1.75, 1.75, 3.125], "texture": "#0"},
				"south": {"uv": [5.25, 1.75, 7, 3.125], "texture": "#0"},
				"west": {"uv": [3.5, 1.75, 5.25, 3.125], "texture": "#0"},
				"up": {"uv": [3.5, 1.75, 1.75, 0], "texture": "#0"},
				"down": {"uv": [5.25, 0, 3.5, 1.75], "texture": "#0"}
			}
		},
		{
			"name": "body",
			"from": [3, 3, 3],
			"to": [13, 12, 13],
			"rotation": {"angle": 0, "axis": "y", "origin": [8, 0, 8]},
			"faces": {
				"north": {"uv": [1.25, 6.375, 2.5, 7.5], "texture": "#0"},
				"east": {"uv": [0, 6.375, 1.25, 7.5], "texture": "#0"},
				"south": {"uv": [3.75, 6.375, 5, 7.5], "texture": "#0"},
				"west": {"uv": [2.5, 6.375, 3.75, 7.5], "texture": "#0"},
				"up": {"uv": [2.5, 6.375, 1.25, 5.125], "texture": "#0"},
				"down": {"uv": [3.75, 5.125, 2.5, 6.375], "texture": "#0"}
			}
		},
		{
			"name": "body",
			"from": [1, 0, 1],
			"to": [15, 2, 15],
			"rotation": {"angle": 0, "axis": "y", "origin": [8, 0, 8]},
			"faces": {
				"north": {"uv": [1.75, 4.875, 3.5, 5.125], "texture": "#0"},
				"east": {"uv": [0, 4.875, 1.75, 5.125], "texture": "#0"},
				"south": {"uv": [5.25, 4.875, 7, 5.125], "texture": "#0"},
				"west": {"uv": [3.5, 4.875, 5.25, 5.125], "texture": "#0"},
				"up": {"uv": [3.5, 4.875, 1.75, 3.125], "texture": "#0"},
				"down": {"uv": [5.25, 3.125, 3.5, 4.875], "texture": "#0"}
			}
		},
		{
			"name": "body",
			"from": [2, -10, 3],
			"to": [14, 1, 3],
			"rotation": {"angle": 0, "axis": "y", "origin": [8, 0, 8]},
			"faces": {
				"north": {"uv": [0, 7.5, 1.5, 8.875], "texture": "#0"},
				"east": {"uv": [0, 7.5, 0, 8.875], "texture": "#0"},
				"south": {"uv": [0, 7.5, 1.5, 8.875], "texture": "#0"},
				"west": {"uv": [1.5, 7.5, 1.5, 8.875], "texture": "#0"},
				"up": {"uv": [1.5, 7.5, 0, 7.5], "texture": "#0"},
				"down": {"uv": [3, 7.5, 1.5, 7.5], "texture": "#0"}
			}
		},
		{
			"name": "body",
			"from": [2, -10, 7],
			"to": [14, 1, 7],
			"rotation": {"angle": 0, "axis": "y", "origin": [8, 0, 8]},
			"faces": {
				"north": {"uv": [5.25, 3.125, 6.75, 4.5], "texture": "#0"},
				"east": {"uv": [5.25, 3.125, 5.25, 4.5], "texture": "#0"},
				"south": {"uv": [5.25, 3.125, 6.75, 4.5], "texture": "#0"},
				"west": {"uv": [6.75, 3.125, 6.75, 4.5], "texture": "#0"},
				"up": {"uv": [6.75, 3.125, 5.25, 3.125], "texture": "#0"},
				"down": {"uv": [8.25, 3.125, 6.75, 3.125], "texture": "#0"}
			}
		},
		{
			"name": "body",
			"from": [2, -10, 11],
			"to": [14, 1, 11],
			"rotation": {"angle": 0, "axis": "y", "origin": [8, 0, 8]},
			"faces": {
				"north": {"uv": [5, 5.125, 6.5, 6.5], "texture": "#0"},
				"east": {"uv": [5, 5.125, 5, 6.5], "texture": "#0"},
				"south": {"uv": [5, 5, 6.5, 6.375], "texture": "#0"},
				"west": {"uv": [6.5, 5.125, 6.5, 6.5], "texture": "#0"},
				"up": {"uv": [6.5, 5.125, 5, 5.125], "texture": "#0"},
				"down": {"uv": [8, 5.125, 6.5, 5.125], "texture": "#0"}
			}
		},
		{
			"name": "body",
			"from": [2, -10, 5],
			"to": [14, 1, 5],
			"rotation": {"angle": 0, "axis": "y", "origin": [8, 0, 8]},
			"faces": {
				"north": {"uv": [7, 1.375, 8.5, 2.75], "texture": "#0"},
				"east": {"uv": [7, 1.375, 7, 2.75], "texture": "#0"},
				"south": {"uv": [7, 1.375, 8.5, 2.75], "texture": "#0"},
				"west": {"uv": [8.5, 1.375, 8.5, 2.75], "texture": "#0"},
				"up": {"uv": [8.5, 1.375, 7, 1.375], "texture": "#0"},
				"down": {"uv": [10, 1.375, 8.5, 1.375], "texture": "#0"}
			}
		},
		{
			"name": "body",
			"from": [2, -10, 9],
			"to": [14, 1, 9],
			"rotation": {"angle": 0, "axis": "y", "origin": [8, 0, 8]},
			"faces": {
				"north": {"uv": [5, 6.5, 6.5, 7.875], "texture": "#0"},
				"east": {"uv": [5, 6.5, 5, 7.875], "texture": "#0"},
				"south": {"uv": [5, 6.375, 6.5, 7.75], "texture": "#0"},
				"west": {"uv": [6.5, 6.5, 6.5, 7.875], "texture": "#0"},
				"up": {"uv": [6.5, 6.5, 5, 6.5], "texture": "#0"},
				"down": {"uv": [8, 6.5, 6.5, 6.5], "texture": "#0"}
			}
		},
		{
			"name": "body",
			"from": [2, -10, 13],
			"to": [14, 1, 13],
			"rotation": {"angle": 0, "axis": "y", "origin": [8, 0, 8]},
			"faces": {
				"north": {"uv": [5.25, 0, 6.75, 1.375], "texture": "#0"},
				"east": {"uv": [5.25, 0, 5.25, 1.375], "texture": "#0"},
				"south": {"uv": [5.25, 0, 6.75, 1.375], "texture": "#0"},
				"west": {"uv": [6.75, 0, 6.75, 1.375], "texture": "#0"},
				"up": {"uv": [6.75, 0, 5.25, 0], "texture": "#0"},
				"down": {"uv": [8.25, 0, 6.75, 0], "texture": "#0"}
			}
		}
	],
	"display": {}
}