{
 "parent": "item/handheld",
 "textures": {
  "layer0": "item/sugar"
 },

 "overrides": [
  { "predicate": {"custom_model_data": 421420}, "model": "item/tobacco"},
  { "predicate": {"custom_model_data": 421421}, "model": "item/vanilla_tobacco"},
  { "predicate": {"custom_model_data": 421422}, "model": "item/cherry_tobacco"},
  { "predicate": {"custom_model_data": 421423}, "model": "item/chocolate_tobacco"},
  { "predicate": {"custom_model_data": 421424}, "model": "item/fruity_tobacco"},
  { "predicate": {"custom_model_data": 421425}, "model": "item/tropical_tobacco"},
  { "predicate": {"custom_model_data": 421426}, "model": "item/honey_tobacco"},
  { "predicate": {"custom_model_data": 421427}, "model": "item/creamy_tobacco"}

 ]
}