{
	"credit": "Made with Blockbench",
	"texture_size": [32, 32],
	"textures": {
		"1": "custom/steeper",
		"2": "custom/steeper_fullmods",
		"particle": "custom/steeper_fullmods"
	},
	"elements": [
		{
			"from": [0, 0, 0],
			"to": [1, 15, 1],
			"faces": {
				"north": {"uv": [4.5, 7.25, 4.75, 9.25], "texture": "#1"},
				"east": {"uv": [4.75, 7.25, 5, 9.25], "texture": "#1"},
				"south": {"uv": [5, 7.25, 5.25, 9.25], "texture": "#1"},
				"west": {"uv": [5.25, 7.25, 5.5, 9.25], "texture": "#1"},
				"up": {"uv": [11.75, 10.5, 11.5, 10.25], "texture": "#1"},
				"down": {"uv": [10.75, 11.5, 10.5, 11.75], "texture": "#1"}
			}
		},
		{
			"from": [2, 0, 0],
			"to": [3, 15, 1],
			"faces": {
				"north": {"uv": [0.5, 7.5, 0.75, 9.5], "texture": "#1"},
				"east": {"uv": [0.75, 7.5, 1, 9.5], "texture": "#1"},
				"south": {"uv": [1, 7.5, 1.25, 9.5], "texture": "#1"},
				"west": {"uv": [1.25, 7.5, 1.5, 9.5], "texture": "#1"},
				"up": {"uv": [11.75, 11.25, 11.5, 11], "texture": "#1"},
				"down": {"uv": [11.5, 11.5, 11.25, 11.75], "texture": "#1"}
			}
		},
		{
			"from": [1, 0, 1],
			"to": [2, 15, 2],
			"faces": {
				"north": {"uv": [1.5, 7.5, 1.75, 9.5], "texture": "#1"},
				"east": {"uv": [1.75, 7.5, 2, 9.5], "texture": "#1"},
				"south": {"uv": [2, 7.5, 2.25, 9.5], "texture": "#1"},
				"west": {"uv": [2.25, 7.5, 2.5, 9.5], "texture": "#1"},
				"up": {"uv": [11.75, 11.5, 11.5, 11.25], "texture": "#1"},
				"down": {"uv": [11.75, 11.5, 11.5, 11.75], "texture": "#1"}
			}
		},
		{
			"from": [0, 0, 2],
			"to": [1, 15, 3],
			"faces": {
				"north": {"uv": [2.5, 7.5, 2.75, 9.5], "texture": "#1"},
				"east": {"uv": [2.75, 7.5, 3, 9.5], "texture": "#1"},
				"south": {"uv": [3, 7.5, 3.25, 9.5], "texture": "#1"},
				"west": {"uv": [3.25, 7.5, 3.5, 9.5], "texture": "#1"},
				"up": {"uv": [12, 0.25, 11.75, 0], "texture": "#1"},
				"down": {"uv": [12, 0.25, 11.75, 0.5], "texture": "#1"}
			}
		},
		{
			"from": [1, 0, 0],
			"to": [2, 15, 1],
			"faces": {
				"north": {"uv": [5.5, 7.25, 5.75, 9.25], "texture": "#1"},
				"east": {"uv": [5.75, 7.25, 6, 9.25], "texture": "#1"},
				"south": {"uv": [6, 7.25, 6.25, 9.25], "texture": "#1"},
				"west": {"uv": [6.25, 7.25, 6.5, 9.25], "texture": "#1"},
				"up": {"uv": [11.75, 10.75, 11.5, 10.5], "texture": "#1"},
				"down": {"uv": [11, 11.5, 10.75, 11.75], "texture": "#1"}
			}
		},
		{
			"from": [0, 0, 1],
			"to": [1, 15, 2],
			"faces": {
				"north": {"uv": [6.5, 7.25, 6.75, 9.25], "texture": "#1"},
				"east": {"uv": [6.75, 7.25, 7, 9.25], "texture": "#1"},
				"south": {"uv": [7, 7.25, 7.25, 9.25], "texture": "#1"},
				"west": {"uv": [7.25, 7.25, 7.5, 9.25], "texture": "#1"},
				"up": {"uv": [11.75, 11, 11.5, 10.75], "texture": "#1"},
				"down": {"uv": [11.25, 11.5, 11, 11.75], "texture": "#1"}
			}
		},
		{
			"from": [0, 0, 0],
			"to": [1, 15, 1],
			"faces": {
				"north": {"uv": [4.5, 7.25, 4.75, 9.25], "texture": "#1"},
				"east": {"uv": [4.75, 7.25, 5, 9.25], "texture": "#1"},
				"south": {"uv": [5, 7.25, 5.25, 9.25], "texture": "#1"},
				"west": {"uv": [5.25, 7.25, 5.5, 9.25], "texture": "#1"},
				"up": {"uv": [11.75, 10.5, 11.5, 10.25], "texture": "#1"},
				"down": {"uv": [10.75, 11.5, 10.5, 11.75], "texture": "#1"}
			}
		},
		{
			"from": [2, 0, 0],
			"to": [3, 15, 1],
			"faces": {
				"north": {"uv": [0.5, 7.5, 0.75, 9.5], "texture": "#1"},
				"east": {"uv": [0.75, 7.5, 1, 9.5], "texture": "#1"},
				"south": {"uv": [1, 7.5, 1.25, 9.5], "texture": "#1"},
				"west": {"uv": [1.25, 7.5, 1.5, 9.5], "texture": "#1"},
				"up": {"uv": [11.75, 11.25, 11.5, 11], "texture": "#1"},
				"down": {"uv": [11.5, 11.5, 11.25, 11.75], "texture": "#1"}
			}
		},
		{
			"from": [1, 0, 1],
			"to": [2, 15, 2],
			"faces": {
				"north": {"uv": [1.5, 7.5, 1.75, 9.5], "texture": "#1"},
				"east": {"uv": [1.75, 7.5, 2, 9.5], "texture": "#1"},
				"south": {"uv": [2, 7.5, 2.25, 9.5], "texture": "#1"},
				"west": {"uv": [2.25, 7.5, 2.5, 9.5], "texture": "#1"},
				"up": {"uv": [11.75, 11.5, 11.5, 11.25], "texture": "#1"},
				"down": {"uv": [11.75, 11.5, 11.5, 11.75], "texture": "#1"}
			}
		},
		{
			"from": [0, 0, 2],
			"to": [1, 15, 3],
			"faces": {
				"north": {"uv": [2.5, 7.5, 2.75, 9.5], "texture": "#1"},
				"east": {"uv": [2.75, 7.5, 3, 9.5], "texture": "#1"},
				"south": {"uv": [3, 7.5, 3.25, 9.5], "texture": "#1"},
				"west": {"uv": [3.25, 7.5, 3.5, 9.5], "texture": "#1"},
				"up": {"uv": [12, 0.25, 11.75, 0], "texture": "#1"},
				"down": {"uv": [12, 0.25, 11.75, 0.5], "texture": "#1"}
			}
		},
		{
			"from": [1, 0, 0],
			"to": [2, 15, 1],
			"faces": {
				"north": {"uv": [5.5, 7.25, 5.75, 9.25], "texture": "#1"},
				"east": {"uv": [5.75, 7.25, 6, 9.25], "texture": "#1"},
				"south": {"uv": [6, 7.25, 6.25, 9.25], "texture": "#1"},
				"west": {"uv": [6.25, 7.25, 6.5, 9.25], "texture": "#1"},
				"up": {"uv": [11.75, 10.75, 11.5, 10.5], "texture": "#1"},
				"down": {"uv": [11, 11.5, 10.75, 11.75], "texture": "#1"}
			}
		},
		{
			"from": [0, 0, 1],
			"to": [1, 15, 2],
			"faces": {
				"north": {"uv": [6.5, 7.25, 6.75, 9.25], "texture": "#1"},
				"east": {"uv": [6.75, 7.25, 7, 9.25], "texture": "#1"},
				"south": {"uv": [7, 7.25, 7.25, 9.25], "texture": "#1"},
				"west": {"uv": [7.25, 7.25, 7.5, 9.25], "texture": "#1"},
				"up": {"uv": [11.75, 11, 11.5, 10.75], "texture": "#1"},
				"down": {"uv": [11.25, 11.5, 11, 11.75], "texture": "#1"}
			}
		},
		{
			"from": [15, 0, 0],
			"to": [16, 15, 1],
			"faces": {
				"north": {"uv": [6, 9.25, 6.25, 11.25], "texture": "#1"},
				"east": {"uv": [6.25, 9.25, 6.5, 11.25], "texture": "#1"},
				"south": {"uv": [6.5, 9.25, 6.75, 11.25], "texture": "#1"},
				"west": {"uv": [6.75, 9.25, 7, 11.25], "texture": "#1"},
				"up": {"uv": [3.75, 12, 3.5, 11.75], "texture": "#1"},
				"down": {"uv": [4, 11.75, 3.75, 12], "texture": "#1"}
			}
		},
		{
			"from": [14, 0, 0],
			"to": [15, 15, 1],
			"faces": {
				"north": {"uv": [7.5, 7.25, 7.75, 9.25], "texture": "#1"},
				"east": {"uv": [7.75, 0, 8, 2], "texture": "#1"},
				"south": {"uv": [7.75, 7.25, 8, 9.25], "texture": "#1"},
				"west": {"uv": [8, 0, 8.25, 2], "texture": "#1"},
				"up": {"uv": [12, 0.75, 11.75, 0.5], "texture": "#1"},
				"down": {"uv": [12, 0.75, 11.75, 1], "texture": "#1"}
			}
		},
		{
			"from": [14, 0, 1],
			"to": [15, 15, 2],
			"faces": {
				"north": {"uv": [9, 7.25, 9.25, 9.25], "texture": "#1"},
				"east": {"uv": [9.25, 0, 9.5, 2], "texture": "#1"},
				"south": {"uv": [4.5, 9.25, 4.75, 11.25], "texture": "#1"},
				"west": {"uv": [4.75, 9.25, 5, 11.25], "texture": "#1"},
				"up": {"uv": [12, 2.25, 11.75, 2], "texture": "#1"},
				"down": {"uv": [12, 2.25, 11.75, 2.5], "texture": "#1"}
			}
		},
		{
			"from": [15, 0, 1],
			"to": [16, 15, 2],
			"faces": {
				"north": {"uv": [8, 7.25, 8.25, 9.25], "texture": "#1"},
				"east": {"uv": [8.25, 0, 8.5, 2], "texture": "#1"},
				"south": {"uv": [8.25, 7.25, 8.5, 9.25], "texture": "#1"},
				"west": {"uv": [8.5, 0, 8.75, 2], "texture": "#1"},
				"up": {"uv": [12, 1.25, 11.75, 1], "texture": "#1"},
				"down": {"uv": [12, 1.25, 11.75, 1.5], "texture": "#1"}
			}
		},
		{
			"from": [15, 0, 2],
			"to": [16, 15, 3],
			"faces": {
				"north": {"uv": [5, 9.25, 5.25, 11.25], "texture": "#1"},
				"east": {"uv": [5.25, 9.25, 5.5, 11.25], "texture": "#1"},
				"south": {"uv": [5.5, 9.25, 5.75, 11.25], "texture": "#1"},
				"west": {"uv": [5.75, 9.25, 6, 11.25], "texture": "#1"},
				"up": {"uv": [3, 12, 2.75, 11.75], "texture": "#1"},
				"down": {"uv": [3.25, 11.75, 3, 12], "texture": "#1"}
			}
		},
		{
			"from": [13, 0, 0],
			"to": [14, 15, 1],
			"faces": {
				"north": {"uv": [8.5, 7.25, 8.75, 9.25], "texture": "#1"},
				"east": {"uv": [8.75, 0, 9, 2], "texture": "#1"},
				"south": {"uv": [8.75, 7.25, 9, 9.25], "texture": "#1"},
				"west": {"uv": [9, 0, 9.25, 2], "texture": "#1"},
				"up": {"uv": [12, 1.75, 11.75, 1.5], "texture": "#1"},
				"down": {"uv": [12, 1.75, 11.75, 2], "texture": "#1"}
			}
		},
		{
			"from": [15, 0, 0],
			"to": [16, 15, 1],
			"faces": {
				"north": {"uv": [6, 9.25, 6.25, 11.25], "texture": "#1"},
				"east": {"uv": [6.25, 9.25, 6.5, 11.25], "texture": "#1"},
				"south": {"uv": [6.5, 9.25, 6.75, 11.25], "texture": "#1"},
				"west": {"uv": [6.75, 9.25, 7, 11.25], "texture": "#1"},
				"up": {"uv": [3.75, 12, 3.5, 11.75], "texture": "#1"},
				"down": {"uv": [4, 11.75, 3.75, 12], "texture": "#1"}
			}
		},
		{
			"from": [14, 0, 0],
			"to": [15, 15, 1],
			"faces": {
				"north": {"uv": [7.5, 7.25, 7.75, 9.25], "texture": "#1"},
				"east": {"uv": [7.75, 0, 8, 2], "texture": "#1"},
				"south": {"uv": [7.75, 7.25, 8, 9.25], "texture": "#1"},
				"west": {"uv": [8, 0, 8.25, 2], "texture": "#1"},
				"up": {"uv": [12, 0.75, 11.75, 0.5], "texture": "#1"},
				"down": {"uv": [12, 0.75, 11.75, 1], "texture": "#1"}
			}
		},
		{
			"from": [14, 0, 1],
			"to": [15, 15, 2],
			"faces": {
				"north": {"uv": [9, 7.25, 9.25, 9.25], "texture": "#1"},
				"east": {"uv": [9.25, 0, 9.5, 2], "texture": "#1"},
				"south": {"uv": [4.5, 9.25, 4.75, 11.25], "texture": "#1"},
				"west": {"uv": [4.75, 9.25, 5, 11.25], "texture": "#1"},
				"up": {"uv": [12, 2.25, 11.75, 2], "texture": "#1"},
				"down": {"uv": [12, 2.25, 11.75, 2.5], "texture": "#1"}
			}
		},
		{
			"from": [15, 0, 1],
			"to": [16, 15, 2],
			"faces": {
				"north": {"uv": [8, 7.25, 8.25, 9.25], "texture": "#1"},
				"east": {"uv": [8.25, 0, 8.5, 2], "texture": "#1"},
				"south": {"uv": [8.25, 7.25, 8.5, 9.25], "texture": "#1"},
				"west": {"uv": [8.5, 0, 8.75, 2], "texture": "#1"},
				"up": {"uv": [12, 1.25, 11.75, 1], "texture": "#1"},
				"down": {"uv": [12, 1.25, 11.75, 1.5], "texture": "#1"}
			}
		},
		{
			"from": [15, 0, 2],
			"to": [16, 15, 3],
			"faces": {
				"north": {"uv": [5, 9.25, 5.25, 11.25], "texture": "#1"},
				"east": {"uv": [5.25, 9.25, 5.5, 11.25], "texture": "#1"},
				"south": {"uv": [5.5, 9.25, 5.75, 11.25], "texture": "#1"},
				"west": {"uv": [5.75, 9.25, 6, 11.25], "texture": "#1"},
				"up": {"uv": [3, 12, 2.75, 11.75], "texture": "#1"},
				"down": {"uv": [3.25, 11.75, 3, 12], "texture": "#1"}
			}
		},
		{
			"from": [13, 0, 0],
			"to": [14, 15, 1],
			"faces": {
				"north": {"uv": [8.5, 7.25, 8.75, 9.25], "texture": "#1"},
				"east": {"uv": [8.75, 0, 9, 2], "texture": "#1"},
				"south": {"uv": [8.75, 7.25, 9, 9.25], "texture": "#1"},
				"west": {"uv": [9, 0, 9.25, 2], "texture": "#1"},
				"up": {"uv": [12, 1.75, 11.75, 1.5], "texture": "#1"},
				"down": {"uv": [12, 1.75, 11.75, 2], "texture": "#1"}
			}
		},
		{
			"from": [15, 0, 15],
			"to": [16, 15, 16],
			"faces": {
				"north": {"uv": [7, 9.25, 7.25, 11.25], "texture": "#1"},
				"east": {"uv": [7.25, 9.25, 7.5, 11.25], "texture": "#1"},
				"south": {"uv": [9.25, 7.25, 9.5, 9.25], "texture": "#1"},
				"west": {"uv": [7.5, 9.25, 7.75, 11.25], "texture": "#1"},
				"up": {"uv": [4.25, 12, 4, 11.75], "texture": "#1"},
				"down": {"uv": [4.5, 11.75, 4.25, 12], "texture": "#1"}
			}
		},
		{
			"from": [15, 0, 14],
			"to": [16, 15, 15],
			"faces": {
				"north": {"uv": [7.75, 9.25, 8, 11.25], "texture": "#1"},
				"east": {"uv": [8, 9.25, 8.25, 11.25], "texture": "#1"},
				"south": {"uv": [8.25, 9.25, 8.5, 11.25], "texture": "#1"},
				"west": {"uv": [8.5, 9.25, 8.75, 11.25], "texture": "#1"},
				"up": {"uv": [12, 4.5, 11.75, 4.25], "texture": "#1"},
				"down": {"uv": [4.75, 11.75, 4.5, 12], "texture": "#1"}
			}
		},
		{
			"from": [14, 0, 14],
			"to": [15, 15, 15],
			"faces": {
				"north": {"uv": [8.75, 9.25, 9, 11.25], "texture": "#1"},
				"east": {"uv": [9, 9.25, 9.25, 11.25], "texture": "#1"},
				"south": {"uv": [9.25, 9.25, 9.5, 11.25], "texture": "#1"},
				"west": {"uv": [0, 9.5, 0.25, 11.5], "texture": "#1"},
				"up": {"uv": [12, 4.75, 11.75, 4.5], "texture": "#1"},
				"down": {"uv": [5, 11.75, 4.75, 12], "texture": "#1"}
			}
		},
		{
			"from": [14, 0, 15],
			"to": [15, 15, 16],
			"faces": {
				"north": {"uv": [9.5, 0, 9.75, 2], "texture": "#1"},
				"east": {"uv": [0.25, 9.5, 0.5, 11.5], "texture": "#1"},
				"south": {"uv": [0.5, 9.5, 0.75, 11.5], "texture": "#1"},
				"west": {"uv": [0.75, 9.5, 1, 11.5], "texture": "#1"},
				"up": {"uv": [12, 5, 11.75, 4.75], "texture": "#1"},
				"down": {"uv": [5.25, 11.75, 5, 12], "texture": "#1"}
			}
		},
		{
			"from": [13, 0, 15],
			"to": [14, 15, 16],
			"faces": {
				"north": {"uv": [1, 9.5, 1.25, 11.5], "texture": "#1"},
				"east": {"uv": [1.25, 9.5, 1.5, 11.5], "texture": "#1"},
				"south": {"uv": [1.5, 9.5, 1.75, 11.5], "texture": "#1"},
				"west": {"uv": [1.75, 9.5, 2, 11.5], "texture": "#1"},
				"up": {"uv": [12, 5.25, 11.75, 5], "texture": "#1"},
				"down": {"uv": [5.5, 11.75, 5.25, 12], "texture": "#1"}
			}
		},
		{
			"from": [15, 0, 13],
			"to": [16, 15, 14],
			"faces": {
				"north": {"uv": [2, 9.5, 2.25, 11.5], "texture": "#1"},
				"east": {"uv": [2.25, 9.5, 2.5, 11.5], "texture": "#1"},
				"south": {"uv": [2.5, 9.5, 2.75, 11.5], "texture": "#1"},
				"west": {"uv": [2.75, 9.5, 3, 11.5], "texture": "#1"},
				"up": {"uv": [12, 5.5, 11.75, 5.25], "texture": "#1"},
				"down": {"uv": [5.75, 11.75, 5.5, 12], "texture": "#1"}
			}
		},
		{
			"from": [15, 0, 15],
			"to": [16, 15, 16],
			"faces": {
				"north": {"uv": [7, 9.25, 7.25, 11.25], "texture": "#1"},
				"east": {"uv": [7.25, 9.25, 7.5, 11.25], "texture": "#1"},
				"south": {"uv": [9.25, 7.25, 9.5, 9.25], "texture": "#1"},
				"west": {"uv": [7.5, 9.25, 7.75, 11.25], "texture": "#1"},
				"up": {"uv": [4.25, 12, 4, 11.75], "texture": "#1"},
				"down": {"uv": [4.5, 11.75, 4.25, 12], "texture": "#1"}
			}
		},
		{
			"from": [15, 0, 14],
			"to": [16, 15, 15],
			"faces": {
				"north": {"uv": [7.75, 9.25, 8, 11.25], "texture": "#1"},
				"east": {"uv": [8, 9.25, 8.25, 11.25], "texture": "#1"},
				"south": {"uv": [8.25, 9.25, 8.5, 11.25], "texture": "#1"},
				"west": {"uv": [8.5, 9.25, 8.75, 11.25], "texture": "#1"},
				"up": {"uv": [12, 4.5, 11.75, 4.25], "texture": "#1"},
				"down": {"uv": [4.75, 11.75, 4.5, 12], "texture": "#1"}
			}
		},
		{
			"from": [14, 0, 14],
			"to": [15, 15, 15],
			"faces": {
				"north": {"uv": [8.75, 9.25, 9, 11.25], "texture": "#1"},
				"east": {"uv": [9, 9.25, 9.25, 11.25], "texture": "#1"},
				"south": {"uv": [9.25, 9.25, 9.5, 11.25], "texture": "#1"},
				"west": {"uv": [0, 9.5, 0.25, 11.5], "texture": "#1"},
				"up": {"uv": [12, 4.75, 11.75, 4.5], "texture": "#1"},
				"down": {"uv": [5, 11.75, 4.75, 12], "texture": "#1"}
			}
		},
		{
			"from": [14, 0, 15],
			"to": [15, 15, 16],
			"faces": {
				"north": {"uv": [9.5, 0, 9.75, 2], "texture": "#1"},
				"east": {"uv": [0.25, 9.5, 0.5, 11.5], "texture": "#1"},
				"south": {"uv": [0.5, 9.5, 0.75, 11.5], "texture": "#1"},
				"west": {"uv": [0.75, 9.5, 1, 11.5], "texture": "#1"},
				"up": {"uv": [12, 5, 11.75, 4.75], "texture": "#1"},
				"down": {"uv": [5.25, 11.75, 5, 12], "texture": "#1"}
			}
		},
		{
			"from": [13, 0, 15],
			"to": [14, 15, 16],
			"faces": {
				"north": {"uv": [1, 9.5, 1.25, 11.5], "texture": "#1"},
				"east": {"uv": [1.25, 9.5, 1.5, 11.5], "texture": "#1"},
				"south": {"uv": [1.5, 9.5, 1.75, 11.5], "texture": "#1"},
				"west": {"uv": [1.75, 9.5, 2, 11.5], "texture": "#1"},
				"up": {"uv": [12, 5.25, 11.75, 5], "texture": "#1"},
				"down": {"uv": [5.5, 11.75, 5.25, 12], "texture": "#1"}
			}
		},
		{
			"from": [15, 0, 13],
			"to": [16, 15, 14],
			"faces": {
				"north": {"uv": [2, 9.5, 2.25, 11.5], "texture": "#1"},
				"east": {"uv": [2.25, 9.5, 2.5, 11.5], "texture": "#1"},
				"south": {"uv": [2.5, 9.5, 2.75, 11.5], "texture": "#1"},
				"west": {"uv": [2.75, 9.5, 3, 11.5], "texture": "#1"},
				"up": {"uv": [12, 5.5, 11.75, 5.25], "texture": "#1"},
				"down": {"uv": [5.75, 11.75, 5.5, 12], "texture": "#1"}
			}
		},
		{
			"from": [0, 0, 15],
			"to": [1, 15, 16],
			"faces": {
				"north": {"uv": [3, 9.5, 3.25, 11.5], "texture": "#1"},
				"east": {"uv": [3.25, 9.5, 3.5, 11.5], "texture": "#1"},
				"south": {"uv": [9.5, 6, 9.75, 8], "texture": "#1"},
				"west": {"uv": [9.5, 8, 9.75, 10], "texture": "#1"},
				"up": {"uv": [12, 5.75, 11.75, 5.5], "texture": "#1"},
				"down": {"uv": [6, 11.75, 5.75, 12], "texture": "#1"}
			}
		},
		{
			"from": [1, 0, 15],
			"to": [2, 15, 16],
			"faces": {
				"north": {"uv": [9.75, 0, 10, 2], "texture": "#1"},
				"east": {"uv": [9.75, 2, 10, 4], "texture": "#1"},
				"south": {"uv": [3.5, 9.75, 3.75, 11.75], "texture": "#1"},
				"west": {"uv": [3.75, 9.75, 4, 11.75], "texture": "#1"},
				"up": {"uv": [12, 6, 11.75, 5.75], "texture": "#1"},
				"down": {"uv": [6.25, 11.75, 6, 12], "texture": "#1"}
			}
		},
		{
			"from": [1, 0, 14],
			"to": [2, 15, 15],
			"faces": {
				"north": {"uv": [4, 9.75, 4.25, 11.75], "texture": "#1"},
				"east": {"uv": [9.75, 4, 10, 6], "texture": "#1"},
				"south": {"uv": [4.25, 9.75, 4.5, 11.75], "texture": "#1"},
				"west": {"uv": [9.75, 6, 10, 8], "texture": "#1"},
				"up": {"uv": [12, 6.25, 11.75, 6], "texture": "#1"},
				"down": {"uv": [6.5, 11.75, 6.25, 12], "texture": "#1"}
			}
		},
		{
			"from": [0, 0, 14],
			"to": [1, 15, 15],
			"faces": {
				"north": {"uv": [9.75, 8, 10, 10], "texture": "#1"},
				"east": {"uv": [10, 0, 10.25, 2], "texture": "#1"},
				"south": {"uv": [10, 2, 10.25, 4], "texture": "#1"},
				"west": {"uv": [10, 4, 10.25, 6], "texture": "#1"},
				"up": {"uv": [12, 6.5, 11.75, 6.25], "texture": "#1"},
				"down": {"uv": [6.75, 11.75, 6.5, 12], "texture": "#1"}
			}
		},
		{
			"from": [0, 0, 13],
			"to": [1, 15, 14],
			"faces": {
				"north": {"uv": [10, 6, 10.25, 8], "texture": "#1"},
				"east": {"uv": [10, 8, 10.25, 10], "texture": "#1"},
				"south": {"uv": [9.5, 10, 9.75, 12], "texture": "#1"},
				"west": {"uv": [9.75, 10, 10, 12], "texture": "#1"},
				"up": {"uv": [12, 6.75, 11.75, 6.5], "texture": "#1"},
				"down": {"uv": [7, 11.75, 6.75, 12], "texture": "#1"}
			}
		},
		{
			"from": [2, 0, 15],
			"to": [3, 15, 16],
			"faces": {
				"north": {"uv": [10, 10, 10.25, 12], "texture": "#1"},
				"east": {"uv": [10.25, 0, 10.5, 2], "texture": "#1"},
				"south": {"uv": [10.25, 2, 10.5, 4], "texture": "#1"},
				"west": {"uv": [10.25, 4, 10.5, 6], "texture": "#1"},
				"up": {"uv": [12, 7, 11.75, 6.75], "texture": "#1"},
				"down": {"uv": [7.25, 11.75, 7, 12], "texture": "#1"}
			}
		},
		{
			"from": [0, 0, 15],
			"to": [1, 15, 16],
			"faces": {
				"north": {"uv": [3, 9.5, 3.25, 11.5], "texture": "#1"},
				"east": {"uv": [3.25, 9.5, 3.5, 11.5], "texture": "#1"},
				"south": {"uv": [9.5, 6, 9.75, 8], "texture": "#1"},
				"west": {"uv": [9.5, 8, 9.75, 10], "texture": "#1"},
				"up": {"uv": [12, 5.75, 11.75, 5.5], "texture": "#1"},
				"down": {"uv": [6, 11.75, 5.75, 12], "texture": "#1"}
			}
		},
		{
			"from": [1, 0, 15],
			"to": [2, 15, 16],
			"faces": {
				"north": {"uv": [9.75, 0, 10, 2], "texture": "#1"},
				"east": {"uv": [9.75, 2, 10, 4], "texture": "#1"},
				"south": {"uv": [3.5, 9.75, 3.75, 11.75], "texture": "#1"},
				"west": {"uv": [3.75, 9.75, 4, 11.75], "texture": "#1"},
				"up": {"uv": [12, 6, 11.75, 5.75], "texture": "#1"},
				"down": {"uv": [6.25, 11.75, 6, 12], "texture": "#1"}
			}
		},
		{
			"from": [1, 0, 14],
			"to": [2, 15, 15],
			"faces": {
				"north": {"uv": [4, 9.75, 4.25, 11.75], "texture": "#1"},
				"east": {"uv": [9.75, 4, 10, 6], "texture": "#1"},
				"south": {"uv": [4.25, 9.75, 4.5, 11.75], "texture": "#1"},
				"west": {"uv": [9.75, 6, 10, 8], "texture": "#1"},
				"up": {"uv": [12, 6.25, 11.75, 6], "texture": "#1"},
				"down": {"uv": [6.5, 11.75, 6.25, 12], "texture": "#1"}
			}
		},
		{
			"from": [0, 0, 14],
			"to": [1, 15, 15],
			"faces": {
				"north": {"uv": [9.75, 8, 10, 10], "texture": "#1"},
				"east": {"uv": [10, 0, 10.25, 2], "texture": "#1"},
				"south": {"uv": [10, 2, 10.25, 4], "texture": "#1"},
				"west": {"uv": [10, 4, 10.25, 6], "texture": "#1"},
				"up": {"uv": [12, 6.5, 11.75, 6.25], "texture": "#1"},
				"down": {"uv": [6.75, 11.75, 6.5, 12], "texture": "#1"}
			}
		},
		{
			"from": [0, 0, 13],
			"to": [1, 15, 14],
			"faces": {
				"north": {"uv": [10, 6, 10.25, 8], "texture": "#1"},
				"east": {"uv": [10, 8, 10.25, 10], "texture": "#1"},
				"south": {"uv": [9.5, 10, 9.75, 12], "texture": "#1"},
				"west": {"uv": [9.75, 10, 10, 12], "texture": "#1"},
				"up": {"uv": [12, 6.75, 11.75, 6.5], "texture": "#1"},
				"down": {"uv": [7, 11.75, 6.75, 12], "texture": "#1"}
			}
		},
		{
			"from": [2, 0, 15],
			"to": [3, 15, 16],
			"faces": {
				"north": {"uv": [10, 10, 10.25, 12], "texture": "#1"},
				"east": {"uv": [10.25, 0, 10.5, 2], "texture": "#1"},
				"south": {"uv": [10.25, 2, 10.5, 4], "texture": "#1"},
				"west": {"uv": [10.25, 4, 10.5, 6], "texture": "#1"},
				"up": {"uv": [12, 7, 11.75, 6.75], "texture": "#1"},
				"down": {"uv": [7.25, 11.75, 7, 12], "texture": "#1"}
			}
		},
		{
			"from": [0, 15, 0],
			"to": [16, 16.5, 16],
			"rotation": {"angle": 0, "axis": "y", "origin": [0, 1, 0]},
			"faces": {
				"north": {"uv": [4.25, 2, 7.25, 2.5], "texture": "#1"},
				"east": {"uv": [4.25, 2.5, 7.25, 3], "texture": "#1"},
				"south": {"uv": [4.25, 3, 7.25, 3.5], "texture": "#1"},
				"west": {"uv": [4.25, 3.5, 7.25, 4], "texture": "#1"},
				"up": {"uv": [3, 3, 0, 0], "texture": "#1"},
				"down": {"uv": [3, 3, 0, 6], "texture": "#1"}
			}
		},
		{
			"from": [0, 16.5, 0],
			"to": [16, 17.5, 2],
			"rotation": {"angle": 0, "axis": "y", "origin": [0, 1, 0]},
			"faces": {
				"north": {"uv": [6.25, 4.5, 9.75, 4.75], "texture": "#1"},
				"east": {"uv": [11.5, 3.75, 12, 4], "texture": "#1"},
				"south": {"uv": [6.25, 4.75, 9.75, 5], "texture": "#1"},
				"west": {"uv": [11.5, 4, 12, 4.25], "texture": "#1"},
				"up": {"uv": [7.75, 1.5, 4.25, 1], "texture": "#1"},
				"down": {"uv": [7.75, 1.5, 4.25, 2], "texture": "#1"}
			}
		},
		{
			"from": [0, 16.5, 14],
			"to": [16, 17.5, 16],
			"rotation": {"angle": 0, "axis": "y", "origin": [0, 1, 0]},
			"faces": {
				"north": {"uv": [6.25, 4, 9.75, 4.25], "texture": "#1"},
				"east": {"uv": [11.5, 3.25, 12, 3.5], "texture": "#1"},
				"south": {"uv": [6.25, 4.25, 9.75, 4.5], "texture": "#1"},
				"west": {"uv": [11.5, 3.5, 12, 3.75], "texture": "#1"},
				"up": {"uv": [7.75, 0.5, 4.25, 0], "texture": "#1"},
				"down": {"uv": [7.75, 0.5, 4.25, 1], "texture": "#1"}
			}
		},
		{
			"from": [0, 16.5, 2],
			"to": [2, 17.5, 14],
			"rotation": {"angle": 0, "axis": "y", "origin": [0, 1, 0]},
			"faces": {
				"north": {"uv": [11.5, 2.75, 12, 3], "texture": "#1"},
				"east": {"uv": [7.25, 2.5, 9.75, 2.75], "texture": "#1"},
				"south": {"uv": [11.5, 3, 12, 3.25], "texture": "#1"},
				"west": {"uv": [7.25, 2.75, 9.75, 3], "texture": "#1"},
				"up": {"uv": [5.75, 6.5, 5.25, 4], "texture": "#1"},
				"down": {"uv": [6.25, 4, 5.75, 6.5], "texture": "#1"}
			}
		},
		{
			"from": [14, 16.5, 2],
			"to": [16, 17.5, 14],
			"rotation": {"angle": 0, "axis": "y", "origin": [0, 1, 0]},
			"faces": {
				"north": {"uv": [11.5, 2.5, 12, 2.75], "texture": "#1"},
				"east": {"uv": [7.25, 2, 9.75, 2.25], "texture": "#1"},
				"south": {"uv": [2.75, 11.5, 3.25, 11.75], "texture": "#1"},
				"west": {"uv": [7.25, 2.25, 9.75, 2.5], "texture": "#1"},
				"up": {"uv": [4.75, 6.5, 4.25, 4], "texture": "#1"},
				"down": {"uv": [5.25, 4, 4.75, 6.5], "texture": "#1"}
			}
		},
		{
			"from": [3, 13, 0],
			"to": [13, 15, 16],
			"faces": {
				"north": {"uv": [0, 0, 5, 1], "texture": "#2"},
				"east": {"uv": [0, 0, 8, 1], "texture": "#2"},
				"south": {"uv": [0, 0, 5, 1], "texture": "#2"},
				"west": {"uv": [0, 0, 8, 1], "texture": "#2"},
				"up": {"uv": [0, 0, 5, 8], "texture": "#2"},
				"down": {"uv": [0, 0, 5, 8], "texture": "#2"}
			}
		},
		{
			"from": [0, 13, 3],
			"to": [16, 15, 13],
			"faces": {
				"north": {"uv": [0, 0, 8, 1], "texture": "#2"},
				"east": {"uv": [0, 0, 5, 1], "texture": "#2"},
				"south": {"uv": [0, 0, 8, 1], "texture": "#2"},
				"west": {"uv": [0, 0, 5, 1], "texture": "#2"},
				"up": {"uv": [0, 0, 8, 5], "texture": "#2"},
				"down": {"uv": [0, 0, 8, 5], "texture": "#2"}
			}
		},
		{
			"from": [0, 0, 3],
			"to": [1, 13, 13],
			"faces": {
				"north": {"uv": [0, 0, 0.5, 6.5], "texture": "#2"},
				"east": {"uv": [0, 0, 5, 6.5], "texture": "#2"},
				"south": {"uv": [0, 0, 0.5, 6.5], "texture": "#2"},
				"west": {"uv": [0, 0, 5, 6.5], "texture": "#2"},
				"up": {"uv": [0, 0, 0.5, 5], "texture": "#2"},
				"down": {"uv": [0, 0, 0.5, 5], "texture": "#2"}
			}
		},
		{
			"from": [15, 0, 3],
			"to": [16, 13, 13],
			"faces": {
				"north": {"uv": [0, 0, 0.5, 6.5], "texture": "#2"},
				"east": {"uv": [0, 0, 5, 6.5], "texture": "#2"},
				"south": {"uv": [0, 0, 0.5, 6.5], "texture": "#2"},
				"west": {"uv": [0, 0, 5, 6.5], "texture": "#2"},
				"up": {"uv": [0, 0, 0.5, 5], "texture": "#2"},
				"down": {"uv": [0, 0, 0.5, 5], "texture": "#2"}
			}
		},
		{
			"from": [3, 0, 15],
			"to": [13, 13, 16],
			"faces": {
				"north": {"uv": [0, 0, 5, 6.5], "texture": "#2"},
				"east": {"uv": [0, 0, 0.5, 6.5], "texture": "#2"},
				"south": {"uv": [0, 0, 5, 6.5], "texture": "#2"},
				"west": {"uv": [0, 0, 0.5, 6.5], "texture": "#2"},
				"up": {"uv": [0, 0, 5, 0.5], "texture": "#2"},
				"down": {"uv": [0, 0, 5, 0.5], "texture": "#2"}
			}
		},
		{
			"from": [3, 0, 0],
			"to": [13, 13, 1],
			"faces": {
				"north": {"uv": [0, 0, 5, 6.5], "texture": "#2"},
				"east": {"uv": [0, 0, 0.5, 6.5], "texture": "#2"},
				"south": {"uv": [0, 0, 5, 6.5], "texture": "#2"},
				"west": {"uv": [0, 0, 0.5, 6.5], "texture": "#2"},
				"up": {"uv": [0, 0, 5, 0.5], "texture": "#2"},
				"down": {"uv": [0, 0, 5, 0.5], "texture": "#2"}
			}
		},
		{
			"from": [3, 0, 0],
			"to": [13, 13, 1],
			"faces": {
				"north": {"uv": [0, 0, 5, 6.5], "texture": "#2"},
				"east": {"uv": [0, 6.5, 0.5, 13], "texture": "#2"},
				"south": {"uv": [5, 0, 10, 6.5], "texture": "#2"},
				"west": {"uv": [0.5, 6.5, 1, 13], "texture": "#2"},
				"up": {"uv": [6, 7, 1, 6.5], "texture": "#2"},
				"down": {"uv": [11, 6.5, 6, 7], "texture": "#2"}
			}
		}
	],
	"display": {
		"thirdperson_righthand": {
			"scale": [0.5, 0.5, 0.5]
		},
		"thirdperson_lefthand": {
			"scale": [0.5, 0.5, 0.5]
		},
		"firstperson_righthand": {
			"scale": [0.5, 0.5, 0.5]
		},
		"firstperson_lefthand": {
			"rotation": [0, -180, 0],
			"scale": [0.5, 0.5, 0.5]
		},
		"ground": {
			"translation": [0, 1.75, 0],
			"scale": [0.35, 0.35, 0.35]
		},
		"gui": {
			"rotation": [49, 126, 0],
			"scale": [0.6, 0.6, 0.6]
		},
		"head": {
			"translation": [-18.25, -14.75, -18.25],
			"scale": [2.3, 2.3, 2.3]
		},
		"fixed": {
			"rotation": [-90, -90, 0],
			"translation": [0, 0, -16],
			"scale": [2.01, 2.01, 2.01]
		}
	},
	"groups": [
		{
			"name": "Outer",
			"origin": [8, 8, 8],
			"color": 0,
			"children": [
				{
					"name": "FL Leg",
					"origin": [0, 0, 0],
					"color": 0,
					"children": [0, 1, 2, 3, 4, 5, 6, 7, 8, 9, 10, 11]
				},
				{
					"name": "BL Leg",
					"origin": [0, 0, 0],
					"color": 0,
					"children": [12, 13, 14, 15, 16, 17, 18, 19, 20, 21, 22, 23]
				},
				{
					"name": "BR Leg",
					"origin": [0, 0, 0],
					"color": 0,
					"children": [24, 25, 26, 27, 28, 29, 30, 31, 32, 33, 34, 35]
				},
				{
					"name": "BR Leg",
					"origin": [0, 0, 0],
					"color": 0,
					"children": [36, 37, 38, 39, 40, 41, 42, 43, 44, 45, 46, 47]
				},
				{
					"name": "Base",
					"origin": [8, 8, 8],
					"color": 0,
					"children": [48]
				},
				{
					"name": "Bin",
					"origin": [8, 8, 8],
					"color": 0,
					"children": [49, 50, 51, 52]
				}
			]
		},
		{
			"name": "Full modifiers",
			"origin": [8, 8, 8],
			"color": 0,
			"children": [53, 54, 55, 56, 57, 58, 59]
		}
	]
}