{
  "parent": "minecraft:item/generated",
  "textures": {
    "layer0": "minecraft:item/flower_banner_pattern"
  },
  "overrides": [
    {
      "predicate": {
        "custom_model_data": 840000
      },
      "model": "villagerhats:item/book_hat"
    },
    {
      "predicate": {
        "custom_model_data": 840001
      },
      "model": "villagerhats:item/desert_cap"
    },
    {
      "predicate": {
        "custom_model_data": 840002
      },
      "model": "villagerhats:item/enchanter_turban"
    },
    {
      "predicate": {
        "custom_model_data": 840003
      },
      "model": "villagerhats:item/eye_patch"
    },
    {
      "predicate": {
        "custom_model_data": 840004
      },
      "model": "villagerhats:item/fishing_hat"
    },
    {
      "predicate": {
        "custom_model_data": 840005
      },
      "model": "villagerhats:item/fletcher_cap"
    },
    {
      "predicate": {
        "custom_model_data": 840006
      },
      "model": "villagerhats:item/leaf_hat"
    },
    {
      "predicate": {
        "custom_model_data": 840007
      },
      "model": "villagerhats:item/monocle"
    },
    {
      "predicate": {
        "custom_model_data": 840008
      },
      "model": "villagerhats:item/paleontologist_hat"
    },
    {
      "predicate": {
        "custom_model_data": 840009
      },
      "model": "villagerhats:item/ribbon"
    },
    {
      "predicate": {
        "custom_model_data": 840010
      },
      "model": "villagerhats:item/shepherd_cap"
    },
    {
      "predicate": {
        "custom_model_data": 840011
      },
      "model": "villagerhats:item/straw_hat"
    },
    {
      "predicate": {
        "custom_model_data": 840012
      },
      "model": "villagerhats:item/visor"
    },
    {
      "predicate": {
        "custom_model_data": 840013
      },
      "model": "villagerhats:item/winter_hat"
    },
    {
      "predicate": {
        "custom_model_data": 840014
      },
      "model": "villagerhats:item/witch_hat"
    },
    {
      "predicate": {
        "custom_model_data": 840015
      },
      "model": "villagerhats:item/wreath"
    }
  ]
}
