{
	"credit": "Made with Blockbench",
	"texture_size": [32, 32],
	"textures": {
		"1": "custom/steeper",
		"2": "custom/steeper_fullmods",
		"particle": "custom/steeper_fullmods"
	},
	"elements": [
		{
			"from": [0, 0, 0],
			"to": [1, 15, 1],
			"faces": {
				"north": {"uv": [4.5, 7.25, 4.75, 9.25], "texture": "#1"},
				"east": {"uv": [4.75, 7.25, 5, 9.25], "texture": "#1"},
				"south": {"uv": [5, 7.25, 5.25, 9.25], "texture": "#1"},
				"west": {"uv": [5.25, 7.25, 5.5, 9.25], "texture": "#1"},
				"up": {"uv": [11.75, 10.5, 11.5, 10.25], "texture": "#1"},
				"down": {"uv": [10.75, 11.5, 10.5, 11.75], "texture": "#1"}
			}
		},
		{
			"from": [2, 0, 0],
			"to": [3, 15, 1],
			"faces": {
				"north": {"uv": [0.5, 7.5, 0.75, 9.5], "texture": "#1"},
				"east": {"uv": [0.75, 7.5, 1, 9.5], "texture": "#1"},
				"south": {"uv": [1, 7.5, 1.25, 9.5], "texture": "#1"},
				"west": {"uv": [1.25, 7.5, 1.5, 9.5], "texture": "#1"},
				"up": {"uv": [11.75, 11.25, 11.5, 11], "texture": "#1"},
				"down": {"uv": [11.5, 11.5, 11.25, 11.75], "texture": "#1"}
			}
		},
		{
			"from": [1, 0, 1],
			"to": [2, 15, 2],
			"faces": {
				"north": {"uv": [1.5, 7.5, 1.75, 9.5], "texture": "#1"},
				"east": {"uv": [1.75, 7.5, 2, 9.5], "texture": "#1"},
				"south": {"uv": [2, 7.5, 2.25, 9.5], "texture": "#1"},
				"west": {"uv": [2.25, 7.5, 2.5, 9.5], "texture": "#1"},
				"up": {"uv": [11.75, 11.5, 11.5, 11.25], "texture": "#1"},
				"down": {"uv": [11.75, 11.5, 11.5, 11.75], "texture": "#1"}
			}
		},
		{
			"from": [0, 0, 2],
			"to": [1, 15, 3],
			"faces": {
				"north": {"uv": [2.5, 7.5, 2.75, 9.5], "texture": "#1"},
				"east": {"uv": [2.75, 7.5, 3, 9.5], "texture": "#1"},
				"south": {"uv": [3, 7.5, 3.25, 9.5], "texture": "#1"},
				"west": {"uv": [3.25, 7.5, 3.5, 9.5], "texture": "#1"},
				"up": {"uv": [12, 0.25, 11.75, 0], "texture": "#1"},
				"down": {"uv": [12, 0.25, 11.75, 0.5], "texture": "#1"}
			}
		},
		{
			"from": [1, 0, 0],
			"to": [2, 15, 1],
			"faces": {
				"north": {"uv": [5.5, 7.25, 5.75, 9.25], "texture": "#1"},
				"east": {"uv": [5.75, 7.25, 6, 9.25], "texture": "#1"},
				"south": {"uv": [6, 7.25, 6.25, 9.25], "texture": "#1"},
				"west": {"uv": [6.25, 7.25, 6.5, 9.25], "texture": "#1"},
				"up": {"uv": [11.75, 10.75, 11.5, 10.5], "texture": "#1"},
				"down": {"uv": [11, 11.5, 10.75, 11.75], "texture": "#1"}
			}
		},
		{
			"from": [0, 0, 1],
			"to": [1, 15, 2],
			"faces": {
				"north": {"uv": [6.5, 7.25, 6.75, 9.25], "texture": "#1"},
				"east": {"uv": [6.75, 7.25, 7, 9.25], "texture": "#1"},
				"south": {"uv": [7, 7.25, 7.25, 9.25], "texture": "#1"},
				"west": {"uv": [7.25, 7.25, 7.5, 9.25], "texture": "#1"},
				"up": {"uv": [11.75, 11, 11.5, 10.75], "texture": "#1"},
				"down": {"uv": [11.25, 11.5, 11, 11.75], "texture": "#1"}
			}
		},
		{
			"from": [0, 0, 0],
			"to": [1, 15, 1],
			"faces": {
				"north": {"uv": [4.5, 7.25, 4.75, 9.25], "texture": "#1"},
				"east": {"uv": [4.75, 7.25, 5, 9.25], "texture": "#1"},
				"south": {"uv": [5, 7.25, 5.25, 9.25], "texture": "#1"},
				"west": {"uv": [5.25, 7.25, 5.5, 9.25], "texture": "#1"},
				"up": {"uv": [11.75, 10.5, 11.5, 10.25], "texture": "#1"},
				"down": {"uv": [10.75, 11.5, 10.5, 11.75], "texture": "#1"}
			}
		},
		{
			"from": [2, 0, 0],
			"to": [3, 15, 1],
			"faces": {
				"north": {"uv": [0.5, 7.5, 0.75, 9.5], "texture": "#1"},
				"east": {"uv": [0.75, 7.5, 1, 9.5], "texture": "#1"},
				"south": {"uv": [1, 7.5, 1.25, 9.5], "texture": "#1"},
				"west": {"uv": [1.25, 7.5, 1.5, 9.5], "texture": "#1"},
				"up": {"uv": [11.75, 11.25, 11.5, 11], "texture": "#1"},
				"down": {"uv": [11.5, 11.5, 11.25, 11.75], "texture": "#1"}
			}
		},
		{
			"from": [1, 0, 1],
			"to": [2, 15, 2],
			"faces": {
				"north": {"uv": [1.5, 7.5, 1.75, 9.5], "texture": "#1"},
				"east": {"uv": [1.75, 7.5, 2, 9.5], "texture": "#1"},
				"south": {"uv": [2, 7.5, 2.25, 9.5], "texture": "#1"},
				"west": {"uv": [2.25, 7.5, 2.5, 9.5], "texture": "#1"},
				"up": {"uv": [11.75, 11.5, 11.5, 11.25], "texture": "#1"},
				"down": {"uv": [11.75, 11.5, 11.5, 11.75], "texture": "#1"}
			}
		},
		{
			"from": [0, 0, 2],
			"to": [1, 15, 3],
			"faces": {
				"north": {"uv": [2.5, 7.5, 2.75, 9.5], "texture": "#1"},
				"east": {"uv": [2.75, 7.5, 3, 9.5], "texture": "#1"},
				"south": {"uv": [3, 7.5, 3.25, 9.5], "texture": "#1"},
				"west": {"uv": [3.25, 7.5, 3.5, 9.5], "texture": "#1"},
				"up": {"uv": [12, 0.25, 11.75, 0], "texture": "#1"},
				"down": {"uv": [12, 0.25, 11.75, 0.5], "texture": "#1"}
			}
		},
		{
			"from": [1, 0, 0],
			"to": [2, 15, 1],
			"faces": {
				"north": {"uv": [5.5, 7.25, 5.75, 9.25], "texture": "#1"},
				"east": {"uv": [5.75, 7.25, 6, 9.25], "texture": "#1"},
				"south": {"uv": [6, 7.25, 6.25, 9.25], "texture": "#1"},
				"west": {"uv": [6.25, 7.25, 6.5, 9.25], "texture": "#1"},
				"up": {"uv": [11.75, 10.75, 11.5, 10.5], "texture": "#1"},
				"down": {"uv": [11, 11.5, 10.75, 11.75], "texture": "#1"}
			}
		},
		{
			"from": [0, 0, 1],
			"to": [1, 15, 2],
			"faces": {
				"north": {"uv": [6.5, 7.25, 6.75, 9.25], "texture": "#1"},
				"east": {"uv": [6.75, 7.25, 7, 9.25], "texture": "#1"},
				"south": {"uv": [7, 7.25, 7.25, 9.25], "texture": "#1"},
				"west": {"uv": [7.25, 7.25, 7.5, 9.25], "texture": "#1"},
				"up": {"uv": [11.75, 11, 11.5, 10.75], "texture": "#1"},
				"down": {"uv": [11.25, 11.5, 11, 11.75], "texture": "#1"}
			}
		},
		{
			"from": [15, 0, 0],
			"to": [16, 15, 1],
			"faces": {
				"north": {"uv": [6, 9.25, 6.25, 11.25], "texture": "#1"},
				"east": {"uv": [6.25, 9.25, 6.5, 11.25], "texture": "#1"},
				"south": {"uv": [6.5, 9.25, 6.75, 11.25], "texture": "#1"},
				"west": {"uv": [6.75, 9.25, 7, 11.25], "texture": "#1"},
				"up": {"uv": [3.75, 12, 3.5, 11.75], "texture": "#1"},
				"down": {"uv": [4, 11.75, 3.75, 12], "texture": "#1"}
			}
		},
		{
			"from": [14, 0, 0],
			"to": [15, 15, 1],
			"faces": {
				"north": {"uv": [7.5, 7.25, 7.75, 9.25], "texture": "#1"},
				"east": {"uv": [7.75, 0, 8, 2], "texture": "#1"},
				"south": {"uv": [7.75, 7.25, 8, 9.25], "texture": "#1"},
				"west": {"uv": [8, 0, 8.25, 2], "texture": "#1"},
				"up": {"uv": [12, 0.75, 11.75, 0.5], "texture": "#1"},
				"down": {"uv": [12, 0.75, 11.75, 1], "texture": "#1"}
			}
		},
		{
			"from": [14, 0, 1],
			"to": [15, 15, 2],
			"faces": {
				"north": {"uv": [9, 7.25, 9.25, 9.25], "texture": "#1"},
				"east": {"uv": [9.25, 0, 9.5, 2], "texture": "#1"},
				"south": {"uv": [4.5, 9.25, 4.75, 11.25], "texture": "#1"},
				"west": {"uv": [4.75, 9.25, 5, 11.25], "texture": "#1"},
				"up": {"uv": [12, 2.25, 11.75, 2], "texture": "#1"},
				"down": {"uv": [12, 2.25, 11.75, 2.5], "texture": "#1"}
			}
		},
		{
			"from": [15, 0, 1],
			"to": [16, 15, 2],
			"faces": {
				"north": {"uv": [8, 7.25, 8.25, 9.25], "texture": "#1"},
				"east": {"uv": [8.25, 0, 8.5, 2], "texture": "#1"},
				"south": {"uv": [8.25, 7.25, 8.5, 9.25], "texture": "#1"},
				"west": {"uv": [8.5, 0, 8.75, 2], "texture": "#1"},
				"up": {"uv": [12, 1.25, 11.75, 1], "texture": "#1"},
				"down": {"uv": [12, 1.25, 11.75, 1.5], "texture": "#1"}
			}
		},
		{
			"from": [15, 0, 2],
			"to": [16, 15, 3],
			"faces": {
				"north": {"uv": [5, 9.25, 5.25, 11.25], "texture": "#1"},
				"east": {"uv": [5.25, 9.25, 5.5, 11.25], "texture": "#1"},
				"south": {"uv": [5.5, 9.25, 5.75, 11.25], "texture": "#1"},
				"west": {"uv": [5.75, 9.25, 6, 11.25], "texture": "#1"},
				"up": {"uv": [3, 12, 2.75, 11.75], "texture": "#1"},
				"down": {"uv": [3.25, 11.75, 3, 12], "texture": "#1"}
			}
		},
		{
			"from": [13, 0, 0],
			"to": [14, 15, 1],
			"faces": {
				"north": {"uv": [8.5, 7.25, 8.75, 9.25], "texture": "#1"},
				"east": {"uv": [8.75, 0, 9, 2], "texture": "#1"},
				"south": {"uv": [8.75, 7.25, 9, 9.25], "texture": "#1"},
				"west": {"uv": [9, 0, 9.25, 2], "texture": "#1"},
				"up": {"uv": [12, 1.75, 11.75, 1.5], "texture": "#1"},
				"down": {"uv": [12, 1.75, 11.75, 2], "texture": "#1"}
			}
		},
		{
			"from": [15, 0, 0],
			"to": [16, 15, 1],
			"faces": {
				"north": {"uv": [6, 9.25, 6.25, 11.25], "texture": "#1"},
				"east": {"uv": [6.25, 9.25, 6.5, 11.25], "texture": "#1"},
				"south": {"uv": [6.5, 9.25, 6.75, 11.25], "texture": "#1"},
				"west": {"uv": [6.75, 9.25, 7, 11.25], "texture": "#1"},
				"up": {"uv": [3.75, 12, 3.5, 11.75], "texture": "#1"},
				"down": {"uv": [4, 11.75, 3.75, 12], "texture": "#1"}
			}
		},
		{
			"from": [14, 0, 0],
			"to": [15, 15, 1],
			"faces": {
				"north": {"uv": [7.5, 7.25, 7.75, 9.25], "texture": "#1"},
				"east": {"uv": [7.75, 0, 8, 2], "texture": "#1"},
				"south": {"uv": [7.75, 7.25, 8, 9.25], "texture": "#1"},
				"west": {"uv": [8, 0, 8.25, 2], "texture": "#1"},
				"up": {"uv": [12, 0.75, 11.75, 0.5], "texture": "#1"},
				"down": {"uv": [12, 0.75, 11.75, 1], "texture": "#1"}
			}
		},
		{
			"from": [14, 0, 1],
			"to": [15, 15, 2],
			"faces": {
				"north": {"uv": [9, 7.25, 9.25, 9.25], "texture": "#1"},
				"east": {"uv": [9.25, 0, 9.5, 2], "texture": "#1"},
				"south": {"uv": [4.5, 9.25, 4.75, 11.25], "texture": "#1"},
				"west": {"uv": [4.75, 9.25, 5, 11.25], "texture": "#1"},
				"up": {"uv": [12, 2.25, 11.75, 2], "texture": "#1"},
				"down": {"uv": [12, 2.25, 11.75, 2.5], "texture": "#1"}
			}
		},
		{
			"from": [15, 0, 1],
			"to": [16, 15, 2],
			"faces": {
				"north": {"uv": [8, 7.25, 8.25, 9.25], "texture": "#1"},
				"east": {"uv": [8.25, 0, 8.5, 2], "texture": "#1"},
				"south": {"uv": [8.25, 7.25, 8.5, 9.25], "texture": "#1"},
				"west": {"uv": [8.5, 0, 8.75, 2], "texture": "#1"},
				"up": {"uv": [12, 1.25, 11.75, 1], "texture": "#1"},
				"down": {"uv": [12, 1.25, 11.75, 1.5], "texture": "#1"}
			}
		},
		{
			"from": [15, 0, 2],
			"to": [16, 15, 3],
			"faces": {
				"north": {"uv": [5, 9.25, 5.25, 11.25], "texture": "#1"},
				"east": {"uv": [5.25, 9.25, 5.5, 11.25], "texture": "#1"},
				"south": {"uv": [5.5, 9.25, 5.75, 11.25], "texture": "#1"},
				"west": {"uv": [5.75, 9.25, 6, 11.25], "texture": "#1"},
				"up": {"uv": [3, 12, 2.75, 11.75], "texture": "#1"},
				"down": {"uv": [3.25, 11.75, 3, 12], "texture": "#1"}
			}
		},
		{
			"from": [13, 0, 0],
			"to": [14, 15, 1],
			"faces": {
				"north": {"uv": [8.5, 7.25, 8.75, 9.25], "texture": "#1"},
				"east": {"uv": [8.75, 0, 9, 2], "texture": "#1"},
				"south": {"uv": [8.75, 7.25, 9, 9.25], "texture": "#1"},
				"west": {"uv": [9, 0, 9.25, 2], "texture": "#1"},
				"up": {"uv": [12, 1.75, 11.75, 1.5], "texture": "#1"},
				"down": {"uv": [12, 1.75, 11.75, 2], "texture": "#1"}
			}
		},
		{
			"from": [15, 0, 15],
			"to": [16, 15, 16],
			"faces": {
				"north": {"uv": [7, 9.25, 7.25, 11.25], "texture": "#1"},
				"east": {"uv": [7.25, 9.25, 7.5, 11.25], "texture": "#1"},
				"south": {"uv": [9.25, 7.25, 9.5, 9.25], "texture": "#1"},
				"west": {"uv": [7.5, 9.25, 7.75, 11.25], "texture": "#1"},
				"up": {"uv": [4.25, 12, 4, 11.75], "texture": "#1"},
				"down": {"uv": [4.5, 11.75, 4.25, 12], "texture": "#1"}
			}
		},
		{
			"from": [15, 0, 14],
			"to": [16, 15, 15],
			"faces": {
				"north": {"uv": [7.75, 9.25, 8, 11.25], "texture": "#1"},
				"east": {"uv": [8, 9.25, 8.25, 11.25], "texture": "#1"},
				"south": {"uv": [8.25, 9.25, 8.5, 11.25], "texture": "#1"},
				"west": {"uv": [8.5, 9.25, 8.75, 11.25], "texture": "#1"},
				"up": {"uv": [12, 4.5, 11.75, 4.25], "texture": "#1"},
				"down": {"uv": [4.75, 11.75, 4.5, 12], "texture": "#1"}
			}
		},
		{
			"from": [14, 0, 14],
			"to": [15, 15, 15],
			"faces": {
				"north": {"uv": [8.75, 9.25, 9, 11.25], "texture": "#1"},
				"east": {"uv": [9, 9.25, 9.25, 11.25], "texture": "#1"},
				"south": {"uv": [9.25, 9.25, 9.5, 11.25], "texture": "#1"},
				"west": {"uv": [0, 9.5, 0.25, 11.5], "texture": "#1"},
				"up": {"uv": [12, 4.75, 11.75, 4.5], "texture": "#1"},
				"down": {"uv": [5, 11.75, 4.75, 12], "texture": "#1"}
			}
		},
		{
			"from": [14, 0, 15],
			"to": [15, 15, 16],
			"faces": {
				"north": {"uv": [9.5, 0, 9.75, 2], "texture": "#1"},
				"east": {"uv": [0.25, 9.5, 0.5, 11.5], "texture": "#1"},
				"south": {"uv": [0.5, 9.5, 0.75, 11.5], "texture": "#1"},
				"west": {"uv": [0.75, 9.5, 1, 11.5], "texture": "#1"},
				"up": {"uv": [12, 5, 11.75, 4.75], "texture": "#1"},
				"down": {"uv": [5.25, 11.75, 5, 12], "texture": "#1"}
			}
		},
		{
			"from": [13, 0, 15],
			"to": [14, 15, 16],
			"faces": {
				"north": {"uv": [1, 9.5, 1.25, 11.5], "texture": "#1"},
				"east": {"uv": [1.25, 9.5, 1.5, 11.5], "texture": "#1"},
				"south": {"uv": [1.5, 9.5, 1.75, 11.5], "texture": "#1"},
				"west": {"uv": [1.75, 9.5, 2, 11.5], "texture": "#1"},
				"up": {"uv": [12, 5.25, 11.75, 5], "texture": "#1"},
				"down": {"uv": [5.5, 11.75, 5.25, 12], "texture": "#1"}
			}
		},
		{
			"from": [15, 0, 13],
			"to": [16, 15, 14],
			"faces": {
				"north": {"uv": [2, 9.5, 2.25, 11.5], "texture": "#1"},
				"east": {"uv": [2.25, 9.5, 2.5, 11.5], "texture": "#1"},
				"south": {"uv": [2.5, 9.5, 2.75, 11.5], "texture": "#1"},
				"west": {"uv": [2.75, 9.5, 3, 11.5], "texture": "#1"},
				"up": {"uv": [12, 5.5, 11.75, 5.25], "texture": "#1"},
				"down": {"uv": [5.75, 11.75, 5.5, 12], "texture": "#1"}
			}
		},
		{
			"from": [15, 0, 15],
			"to": [16, 15, 16],
			"faces": {
				"north": {"uv": [7, 9.25, 7.25, 11.25], "texture": "#1"},
				"east": {"uv": [7.25, 9.25, 7.5, 11.25], "texture": "#1"},
				"south": {"uv": [9.25, 7.25, 9.5, 9.25], "texture": "#1"},
				"west": {"uv": [7.5, 9.25, 7.75, 11.25], "texture": "#1"},
				"up": {"uv": [4.25, 12, 4, 11.75], "texture": "#1"},
				"down": {"uv": [4.5, 11.75, 4.25, 12], "texture": "#1"}
			}
		},
		{
			"from": [15, 0, 14],
			"to": [16, 15, 15],
			"faces": {
				"north": {"uv": [7.75, 9.25, 8, 11.25], "texture": "#1"},
				"east": {"uv": [8, 9.25, 8.25, 11.25], "texture": "#1"},
				"south": {"uv": [8.25, 9.25, 8.5, 11.25], "texture": "#1"},
				"west": {"uv": [8.5, 9.25, 8.75, 11.25], "texture": "#1"},
				"up": {"uv": [12, 4.5, 11.75, 4.25], "texture": "#1"},
				"down": {"uv": [4.75, 11.75, 4.5, 12], "texture": "#1"}
			}
		},
		{
			"from": [14, 0, 14],
			"to": [15, 15, 15],
			"faces": {
				"north": {"uv": [8.75, 9.25, 9, 11.25], "texture": "#1"},
				"east": {"uv": [9, 9.25, 9.25, 11.25], "texture": "#1"},
				"south": {"uv": [9.25, 9.25, 9.5, 11.25], "texture": "#1"},
				"west": {"uv": [0, 9.5, 0.25, 11.5], "texture": "#1"},
				"up": {"uv": [12, 4.75, 11.75, 4.5], "texture": "#1"},
				"down": {"uv": [5, 11.75, 4.75, 12], "texture": "#1"}
			}
		},
		{
			"from": [14, 0, 15],
			"to": [15, 15, 16],
			"faces": {
				"north": {"uv": [9.5, 0, 9.75, 2], "texture": "#1"},
				"east": {"uv": [0.25, 9.5, 0.5, 11.5], "texture": "#1"},
				"south": {"uv": [0.5, 9.5, 0.75, 11.5], "texture": "#1"},
				"west": {"uv": [0.75, 9.5, 1, 11.5], "texture": "#1"},
				"up": {"uv": [12, 5, 11.75, 4.75], "texture": "#1"},
				"down": {"uv": [5.25, 11.75, 5, 12], "texture": "#1"}
			}
		},
		{
			"from": [13, 0, 15],
			"to": [14, 15, 16],
			"faces": {
				"north": {"uv": [1, 9.5, 1.25, 11.5], "texture": "#1"},
				"east": {"uv": [1.25, 9.5, 1.5, 11.5], "texture": "#1"},
				"south": {"uv": [1.5, 9.5, 1.75, 11.5], "texture": "#1"},
				"west": {"uv": [1.75, 9.5, 2, 11.5], "texture": "#1"},
				"up": {"uv": [12, 5.25, 11.75, 5], "texture": "#1"},
				"down": {"uv": [5.5, 11.75, 5.25, 12], "texture": "#1"}
			}
		},
		{
			"from": [15, 0, 13],
			"to": [16, 15, 14],
			"faces": {
				"north": {"uv": [2, 9.5, 2.25, 11.5], "texture": "#1"},
				"east": {"uv": [2.25, 9.5, 2.5, 11.5], "texture": "#1"},
				"south": {"uv": [2.5, 9.5, 2.75, 11.5], "texture": "#1"},
				"west": {"uv": [2.75, 9.5, 3, 11.5], "texture": "#1"},
				"up": {"uv": [12, 5.5, 11.75, 5.25], "texture": "#1"},
				"down": {"uv": [5.75, 11.75, 5.5, 12], "texture": "#1"}
			}
		},
		{
			"from": [0, 0, 15],
			"to": [1, 15, 16],
			"faces": {
				"north": {"uv": [3, 9.5, 3.25, 11.5], "texture": "#1"},
				"east": {"uv": [3.25, 9.5, 3.5, 11.5], "texture": "#1"},
				"south": {"uv": [9.5, 6, 9.75, 8], "texture": "#1"},
				"west": {"uv": [9.5, 8, 9.75, 10], "texture": "#1"},
				"up": {"uv": [12, 5.75, 11.75, 5.5], "texture": "#1"},
				"down": {"uv": [6, 11.75, 5.75, 12], "texture": "#1"}
			}
		},
		{
			"from": [1, 0, 15],
			"to": [2, 15, 16],
			"faces": {
				"north": {"uv": [9.75, 0, 10, 2], "texture": "#1"},
				"east": {"uv": [9.75, 2, 10, 4], "texture": "#1"},
				"south": {"uv": [3.5, 9.75, 3.75, 11.75], "texture": "#1"},
				"west": {"uv": [3.75, 9.75, 4, 11.75], "texture": "#1"},
				"up": {"uv": [12, 6, 11.75, 5.75], "texture": "#1"},
				"down": {"uv": [6.25, 11.75, 6, 12], "texture": "#1"}
			}
		},
		{
			"from": [1, 0, 14],
			"to": [2, 15, 15],
			"faces": {
				"north": {"uv": [4, 9.75, 4.25, 11.75], "texture": "#1"},
				"east": {"uv": [9.75, 4, 10, 6], "texture": "#1"},
				"south": {"uv": [4.25, 9.75, 4.5, 11.75], "texture": "#1"},
				"west": {"uv": [9.75, 6, 10, 8], "texture": "#1"},
				"up": {"uv": [12, 6.25, 11.75, 6], "texture": "#1"},
				"down": {"uv": [6.5, 11.75, 6.25, 12], "texture": "#1"}
			}
		},
		{
			"from": [0, 0, 14],
			"to": [1, 15, 15],
			"faces": {
				"north": {"uv": [9.75, 8, 10, 10], "texture": "#1"},
				"east": {"uv": [10, 0, 10.25, 2], "texture": "#1"},
				"south": {"uv": [10, 2, 10.25, 4], "texture": "#1"},
				"west": {"uv": [10, 4, 10.25, 6], "texture": "#1"},
				"up": {"uv": [12, 6.5, 11.75, 6.25], "texture": "#1"},
				"down": {"uv": [6.75, 11.75, 6.5, 12], "texture": "#1"}
			}
		},
		{
			"from": [0, 0, 13],
			"to": [1, 15, 14],
			"faces": {
				"north": {"uv": [10, 6, 10.25, 8], "texture": "#1"},
				"east": {"uv": [10, 8, 10.25, 10], "texture": "#1"},
				"south": {"uv": [9.5, 10, 9.75, 12], "texture": "#1"},
				"west": {"uv": [9.75, 10, 10, 12], "texture": "#1"},
				"up": {"uv": [12, 6.75, 11.75, 6.5], "texture": "#1"},
				"down": {"uv": [7, 11.75, 6.75, 12], "texture": "#1"}
			}
		},
		{
			"from": [2, 0, 15],
			"to": [3, 15, 16],
			"faces": {
				"north": {"uv": [10, 10, 10.25, 12], "texture": "#1"},
				"east": {"uv": [10.25, 0, 10.5, 2], "texture": "#1"},
				"south": {"uv": [10.25, 2, 10.5, 4], "texture": "#1"},
				"west": {"uv": [10.25, 4, 10.5, 6], "texture": "#1"},
				"up": {"uv": [12, 7, 11.75, 6.75], "texture": "#1"},
				"down": {"uv": [7.25, 11.75, 7, 12], "texture": "#1"}
			}
		},
		{
			"from": [0, 0, 15],
			"to": [1, 15, 16],
			"faces": {
				"north": {"uv": [3, 9.5, 3.25, 11.5], "texture": "#1"},
				"east": {"uv": [3.25, 9.5, 3.5, 11.5], "texture": "#1"},
				"south": {"uv": [9.5, 6, 9.75, 8], "texture": "#1"},
				"west": {"uv": [9.5, 8, 9.75, 10], "texture": "#1"},
				"up": {"uv": [12, 5.75, 11.75, 5.5], "texture": "#1"},
				"down": {"uv": [6, 11.75, 5.75, 12], "texture": "#1"}
			}
		},
		{
			"from": [1, 0, 15],
			"to": [2, 15, 16],
			"faces": {
				"north": {"uv": [9.75, 0, 10, 2], "texture": "#1"},
				"east": {"uv": [9.75, 2, 10, 4], "texture": "#1"},
				"south": {"uv": [3.5, 9.75, 3.75, 11.75], "texture": "#1"},
				"west": {"uv": [3.75, 9.75, 4, 11.75], "texture": "#1"},
				"up": {"uv": [12, 6, 11.75, 5.75], "texture": "#1"},
				"down": {"uv": [6.25, 11.75, 6, 12], "texture": "#1"}
			}
		},
		{
			"from": [1, 0, 14],
			"to": [2, 15, 15],
			"faces": {
				"north": {"uv": [4, 9.75, 4.25, 11.75], "texture": "#1"},
				"east": {"uv": [9.75, 4, 10, 6], "texture": "#1"},
				"south": {"uv": [4.25, 9.75, 4.5, 11.75], "texture": "#1"},
				"west": {"uv": [9.75, 6, 10, 8], "texture": "#1"},
				"up": {"uv": [12, 6.25, 11.75, 6], "texture": "#1"},
				"down": {"uv": [6.5, 11.75, 6.25, 12], "texture": "#1"}
			}
		},
		{
			"from": [0, 0, 14],
			"to": [1, 15, 15],
			"faces": {
				"north": {"uv": [9.75, 8, 10, 10], "texture": "#1"},
				"east": {"uv": [10, 0, 10.25, 2], "texture": "#1"},
				"south": {"uv": [10, 2, 10.25, 4], "texture": "#1"},
				"west": {"uv": [10, 4, 10.25, 6], "texture": "#1"},
				"up": {"uv": [12, 6.5, 11.75, 6.25], "texture": "#1"},
				"down": {"uv": [6.75, 11.75, 6.5, 12], "texture": "#1"}
			}
		},
		{
			"from": [0, 0, 13],
			"to": [1, 15, 14],
			"faces": {
				"north": {"uv": [10, 6, 10.25, 8], "texture": "#1"},
				"east": {"uv": [10, 8, 10.25, 10], "texture": "#1"},
				"south": {"uv": [9.5, 10, 9.75, 12], "texture": "#1"},
				"west": {"uv": [9.75, 10, 10, 12], "texture": "#1"},
				"up": {"uv": [12, 6.75, 11.75, 6.5], "texture": "#1"},
				"down": {"uv": [7, 11.75, 6.75, 12], "texture": "#1"}
			}
		},
		{
			"from": [2, 0, 15],
			"to": [3, 15, 16],
			"faces": {
				"north": {"uv": [10, 10, 10.25, 12], "texture": "#1"},
				"east": {"uv": [10.25, 0, 10.5, 2], "texture": "#1"},
				"south": {"uv": [10.25, 2, 10.5, 4], "texture": "#1"},
				"west": {"uv": [10.25, 4, 10.5, 6], "texture": "#1"},
				"up": {"uv": [12, 7, 11.75, 6.75], "texture": "#1"},
				"down": {"uv": [7.25, 11.75, 7, 12], "texture": "#1"}
			}
		},
		{
			"from": [0, 15, 0],
			"to": [16, 16.5, 16],
			"rotation": {"angle": 0, "axis": "y", "origin": [0, 1, 0]},
			"faces": {
				"north": {"uv": [4.25, 2, 7.25, 2.5], "texture": "#1"},
				"east": {"uv": [4.25, 2.5, 7.25, 3], "texture": "#1"},
				"south": {"uv": [4.25, 3, 7.25, 3.5], "texture": "#1"},
				"west": {"uv": [4.25, 3.5, 7.25, 4], "texture": "#1"},
				"up": {"uv": [3, 3, 0, 0], "texture": "#1"},
				"down": {"uv": [3, 3, 0, 6], "texture": "#1"}
			}
		},
		{
			"from": [0, 16.5, 0],
			"to": [16, 17.5, 2],
			"rotation": {"angle": 0, "axis": "y", "origin": [0, 1, 0]},
			"faces": {
				"north": {"uv": [6.25, 4.5, 9.75, 4.75], "texture": "#1"},
				"east": {"uv": [11.5, 3.75, 12, 4], "texture": "#1"},
				"south": {"uv": [6.25, 4.75, 9.75, 5], "texture": "#1"},
				"west": {"uv": [11.5, 4, 12, 4.25], "texture": "#1"},
				"up": {"uv": [7.75, 1.5, 4.25, 1], "texture": "#1"},
				"down": {"uv": [7.75, 1.5, 4.25, 2], "texture": "#1"}
			}
		},
		{
			"from": [0, 16.5, 14],
			"to": [16, 17.5, 16],
			"rotation": {"angle": 0, "axis": "y", "origin": [0, 1, 0]},
			"faces": {
				"north": {"uv": [6.25, 4, 9.75, 4.25], "texture": "#1"},
				"east": {"uv": [11.5, 3.25, 12, 3.5], "texture": "#1"},
				"south": {"uv": [6.25, 4.25, 9.75, 4.5], "texture": "#1"},
				"west": {"uv": [11.5, 3.5, 12, 3.75], "texture": "#1"},
				"up": {"uv": [7.75, 0.5, 4.25, 0], "texture": "#1"},
				"down": {"uv": [7.75, 0.5, 4.25, 1], "texture": "#1"}
			}
		},
		{
			"from": [0, 16.5, 2],
			"to": [2, 17.5, 14],
			"rotation": {"angle": 0, "axis": "y", "origin": [0, 1, 0]},
			"faces": {
				"north": {"uv": [11.5, 2.75, 12, 3], "texture": "#1"},
				"east": {"uv": [7.25, 2.5, 9.75, 2.75], "texture": "#1"},
				"south": {"uv": [11.5, 3, 12, 3.25], "texture": "#1"},
				"west": {"uv": [7.25, 2.75, 9.75, 3], "texture": "#1"},
				"up": {"uv": [5.75, 6.5, 5.25, 4], "texture": "#1"},
				"down": {"uv": [6.25, 4, 5.75, 6.5], "texture": "#1"}
			}
		},
		{
			"from": [14, 16.5, 2],
			"to": [16, 17.5, 14],
			"rotation": {"angle": 0, "axis": "y", "origin": [0, 1, 0]},
			"faces": {
				"north": {"uv": [11.5, 2.5, 12, 2.75], "texture": "#1"},
				"east": {"uv": [7.25, 2, 9.75, 2.25], "texture": "#1"},
				"south": {"uv": [2.75, 11.5, 3.25, 11.75], "texture": "#1"},
				"west": {"uv": [7.25, 2.25, 9.75, 2.5], "texture": "#1"},
				"up": {"uv": [4.75, 6.5, 4.25, 4], "texture": "#1"},
				"down": {"uv": [5.25, 4, 4.75, 6.5], "texture": "#1"}
			}
		},
		{
			"from": [14, 17.5, 1],
			"to": [15, 18.5, 2],
			"rotation": {"angle": 0, "axis": "y", "origin": [0, 5, 0]},
			"faces": {
				"north": {"uv": [12.25, 2.5, 12.5, 2.75], "texture": "#1"},
				"east": {"uv": [2.75, 12.25, 3, 12.5], "texture": "#1"},
				"south": {"uv": [12.25, 2.75, 12.5, 3], "texture": "#1"},
				"west": {"uv": [3, 12.25, 3.25, 12.5], "texture": "#1"},
				"up": {"uv": [12.5, 3.25, 12.25, 3], "texture": "#1"},
				"down": {"uv": [3.5, 12.25, 3.25, 12.5], "texture": "#1"}
			}
		},
		{
			"from": [14, 17.5, 2],
			"to": [15, 18.5, 3],
			"rotation": {"angle": 0, "axis": "y", "origin": [0, 5, 0]},
			"faces": {
				"north": {"uv": [12.25, 4, 12.5, 4.25], "texture": "#1"},
				"east": {"uv": [4.25, 12.25, 4.5, 12.5], "texture": "#1"},
				"south": {"uv": [12.25, 4.25, 12.5, 4.5], "texture": "#1"},
				"west": {"uv": [4.5, 12.25, 4.75, 12.5], "texture": "#1"},
				"up": {"uv": [12.5, 4.75, 12.25, 4.5], "texture": "#1"},
				"down": {"uv": [5, 12.25, 4.75, 12.5], "texture": "#1"}
			}
		},
		{
			"from": [13, 17.5, 1],
			"to": [14, 18.5, 2],
			"rotation": {"angle": 0, "axis": "y", "origin": [0, 5, 0]},
			"faces": {
				"north": {"uv": [12.25, 3.25, 12.5, 3.5], "texture": "#1"},
				"east": {"uv": [3.5, 12.25, 3.75, 12.5], "texture": "#1"},
				"south": {"uv": [12.25, 3.5, 12.5, 3.75], "texture": "#1"},
				"west": {"uv": [3.75, 12.25, 4, 12.5], "texture": "#1"},
				"up": {"uv": [12.5, 4, 12.25, 3.75], "texture": "#1"},
				"down": {"uv": [4.25, 12.25, 4, 12.5], "texture": "#1"}
			}
		},
		{
			"from": [14, 18.5, 1],
			"to": [15, 20.5, 2],
			"rotation": {"angle": 0, "axis": "y", "origin": [0, 5, 0]},
			"faces": {
				"north": {"uv": [11.5, 5.75, 11.75, 6.25], "texture": "#1"},
				"east": {"uv": [11.5, 6.25, 11.75, 6.75], "texture": "#1"},
				"south": {"uv": [11.5, 6.75, 11.75, 7.25], "texture": "#1"},
				"west": {"uv": [11.5, 7.25, 11.75, 7.75], "texture": "#1"},
				"up": {"uv": [12.5, 7.5, 12.25, 7.25], "texture": "#1"},
				"down": {"uv": [7.75, 12.25, 7.5, 12.5], "texture": "#1"}
			}
		},
		{
			"from": [14, 18.5, 14],
			"to": [15, 20.5, 15],
			"rotation": {"angle": 0, "axis": "y", "origin": [0, 5, 0]},
			"faces": {
				"north": {"uv": [3.25, 11.5, 3.5, 12], "texture": "#1"},
				"east": {"uv": [11.5, 4.25, 11.75, 4.75], "texture": "#1"},
				"south": {"uv": [11.5, 4.75, 11.75, 5.25], "texture": "#1"},
				"west": {"uv": [11.5, 5.25, 11.75, 5.75], "texture": "#1"},
				"up": {"uv": [12.5, 7.25, 12.25, 7], "texture": "#1"},
				"down": {"uv": [7.5, 12.25, 7.25, 12.5], "texture": "#1"}
			}
		},
		{
			"from": [14, 17.5, 13],
			"to": [15, 18.5, 14],
			"rotation": {"angle": 0, "axis": "y", "origin": [0, 5, 0]},
			"faces": {
				"north": {"uv": [12.25, 6.25, 12.5, 6.5], "texture": "#1"},
				"east": {"uv": [6.5, 12.25, 6.75, 12.5], "texture": "#1"},
				"south": {"uv": [12.25, 6.5, 12.5, 6.75], "texture": "#1"},
				"west": {"uv": [6.75, 12.25, 7, 12.5], "texture": "#1"},
				"up": {"uv": [12.5, 7, 12.25, 6.75], "texture": "#1"},
				"down": {"uv": [7.25, 12.25, 7, 12.5], "texture": "#1"}
			}
		},
		{
			"from": [13, 17.5, 14],
			"to": [14, 18.5, 15],
			"rotation": {"angle": 0, "axis": "y", "origin": [0, 5, 0]},
			"faces": {
				"north": {"uv": [12.25, 5.5, 12.5, 5.75], "texture": "#1"},
				"east": {"uv": [5.75, 12.25, 6, 12.5], "texture": "#1"},
				"south": {"uv": [12.25, 5.75, 12.5, 6], "texture": "#1"},
				"west": {"uv": [6, 12.25, 6.25, 12.5], "texture": "#1"},
				"up": {"uv": [12.5, 6.25, 12.25, 6], "texture": "#1"},
				"down": {"uv": [6.5, 12.25, 6.25, 12.5], "texture": "#1"}
			}
		},
		{
			"from": [10, 21.5, 14],
			"to": [14, 22.5, 15],
			"rotation": {"angle": 0, "axis": "y", "origin": [0, 5, 0]},
			"faces": {
				"north": {"uv": [7.25, 3.5, 8.25, 3.75], "texture": "#1"},
				"east": {"uv": [12.25, 7.75, 12.5, 8], "texture": "#1"},
				"south": {"uv": [7.25, 3.75, 8.25, 4], "texture": "#1"},
				"west": {"uv": [8, 12.25, 8.25, 12.5], "texture": "#1"},
				"up": {"uv": [8.25, 6.75, 7.25, 6.5], "texture": "#1"},
				"down": {"uv": [8.25, 6.75, 7.25, 7], "texture": "#1"}
			}
		},
		{
			"from": [10, 21.5, 1],
			"to": [14, 22.5, 2],
			"rotation": {"angle": 0, "axis": "y", "origin": [0, 5, 0]},
			"faces": {
				"north": {"uv": [8.25, 3.5, 9.25, 3.75], "texture": "#1"},
				"east": {"uv": [12.25, 8, 12.5, 8.25], "texture": "#1"},
				"south": {"uv": [8.25, 3.75, 9.25, 4], "texture": "#1"},
				"west": {"uv": [8.25, 12.25, 8.5, 12.5], "texture": "#1"},
				"up": {"uv": [9.25, 6.75, 8.25, 6.5], "texture": "#1"},
				"down": {"uv": [9.25, 6.75, 8.25, 7], "texture": "#1"}
			}
		},
		{
			"from": [10, 20.5, 1],
			"to": [15, 21.5, 15],
			"rotation": {"angle": 0, "axis": "y", "origin": [0, 5, 0]},
			"faces": {
				"north": {"uv": [7.25, 3, 8.5, 3.25], "texture": "#1"},
				"east": {"uv": [6.25, 5, 9.75, 5.25], "texture": "#1"},
				"south": {"uv": [7.25, 3.25, 8.5, 3.5], "texture": "#1"},
				"west": {"uv": [6.25, 5.25, 9.75, 5.5], "texture": "#1"},
				"up": {"uv": [4.25, 3.5, 3, 0], "texture": "#1"},
				"down": {"uv": [4.25, 3.5, 3, 7], "texture": "#1"}
			}
		},
		{
			"from": [14, 21.5, 1],
			"to": [15, 22.5, 15],
			"rotation": {"angle": 0, "axis": "y", "origin": [0, 5, 0]},
			"faces": {
				"north": {"uv": [12.25, 7.5, 12.5, 7.75], "texture": "#1"},
				"east": {"uv": [6.25, 5.5, 9.75, 5.75], "texture": "#1"},
				"south": {"uv": [7.75, 12.25, 8, 12.5], "texture": "#1"},
				"west": {"uv": [6.25, 5.75, 9.75, 6], "texture": "#1"},
				"up": {"uv": [0.25, 9.5, 0, 6], "texture": "#1"},
				"down": {"uv": [0.5, 6, 0.25, 9.5], "texture": "#1"}
			}
		},
		{
			"from": [14, 17.5, 14],
			"to": [15, 18.5, 15],
			"rotation": {"angle": 0, "axis": "y", "origin": [0, 5, 0]},
			"faces": {
				"north": {"uv": [12.25, 4.75, 12.5, 5], "texture": "#1"},
				"east": {"uv": [5, 12.25, 5.25, 12.5], "texture": "#1"},
				"south": {"uv": [12.25, 5, 12.5, 5.25], "texture": "#1"},
				"west": {"uv": [5.25, 12.25, 5.5, 12.5], "texture": "#1"},
				"up": {"uv": [12.5, 5.5, 12.25, 5.25], "texture": "#1"},
				"down": {"uv": [5.75, 12.25, 5.5, 12.5], "texture": "#1"}
			}
		},
		{
			"from": [9.25, 21.5, 7.25],
			"to": [9.5, 22, 7.5],
			"rotation": {"angle": 22.5, "axis": "y", "origin": [0, 5.5, 0]},
			"faces": {
				"north": {"uv": [12.25, 8.25, 12.5, 8.5], "texture": "#1"},
				"east": {"uv": [8.5, 12.25, 8.75, 12.5], "texture": "#1"},
				"south": {"uv": [12.25, 8.5, 12.5, 8.75], "texture": "#1"},
				"west": {"uv": [8.75, 12.25, 9, 12.5], "texture": "#1"},
				"up": {"uv": [12.5, 9, 12.25, 8.75], "texture": "#1"},
				"down": {"uv": [9.25, 12.25, 9, 12.5], "texture": "#1"}
			}
		},
		{
			"from": [9.25, 21.5, 7.75],
			"to": [9.5, 22, 8],
			"rotation": {"angle": 22.5, "axis": "y", "origin": [0, 5.5, 0]},
			"faces": {
				"north": {"uv": [12.25, 10.5, 12.5, 10.75], "texture": "#1"},
				"east": {"uv": [10.75, 12.25, 11, 12.5], "texture": "#1"},
				"south": {"uv": [12.25, 10.75, 12.5, 11], "texture": "#1"},
				"west": {"uv": [11, 12.25, 11.25, 12.5], "texture": "#1"},
				"up": {"uv": [12.5, 11.25, 12.25, 11], "texture": "#1"},
				"down": {"uv": [11.5, 12.25, 11.25, 12.5], "texture": "#1"}
			}
		},
		{
			"from": [9.75, 21.5, 7.5],
			"to": [10, 22, 7.75],
			"rotation": {"angle": 22.5, "axis": "y", "origin": [0, 5.5, 0]},
			"faces": {
				"north": {"uv": [1.25, 12.5, 1.5, 12.75], "texture": "#1"},
				"east": {"uv": [12.5, 1.25, 12.75, 1.5], "texture": "#1"},
				"south": {"uv": [1.5, 12.5, 1.75, 12.75], "texture": "#1"},
				"west": {"uv": [12.5, 1.5, 12.75, 1.75], "texture": "#1"},
				"up": {"uv": [2, 12.75, 1.75, 12.5], "texture": "#1"},
				"down": {"uv": [12.75, 1.75, 12.5, 2], "texture": "#1"}
			}
		},
		{
			"from": [9.75, 21.5, 7.75],
			"to": [10, 22, 8],
			"rotation": {"angle": 22.5, "axis": "y", "origin": [0, 5.5, 0]},
			"faces": {
				"north": {"uv": [2, 12.5, 2.25, 12.75], "texture": "#1"},
				"east": {"uv": [12.5, 2, 12.75, 2.25], "texture": "#1"},
				"south": {"uv": [2.25, 12.5, 2.5, 12.75], "texture": "#1"},
				"west": {"uv": [12.5, 2.25, 12.75, 2.5], "texture": "#1"},
				"up": {"uv": [2.75, 12.75, 2.5, 12.5], "texture": "#1"},
				"down": {"uv": [12.75, 2.5, 12.5, 2.75], "texture": "#1"}
			}
		},
		{
			"from": [10, 21.5, 7.75],
			"to": [10.25, 22, 8],
			"rotation": {"angle": 22.5, "axis": "y", "origin": [0, 5.5, 0]},
			"faces": {
				"north": {"uv": [12.75, 0.5, 13, 0.75], "texture": "#1"},
				"east": {"uv": [0.75, 12.75, 1, 13], "texture": "#1"},
				"south": {"uv": [12.75, 0.75, 13, 1], "texture": "#1"},
				"west": {"uv": [1, 12.75, 1.25, 13], "texture": "#1"},
				"up": {"uv": [13, 1.25, 12.75, 1], "texture": "#1"},
				"down": {"uv": [1.5, 12.75, 1.25, 13], "texture": "#1"}
			}
		},
		{
			"from": [10, 22, 7],
			"to": [10.25, 22.25, 8],
			"rotation": {"angle": 22.5, "axis": "y", "origin": [0, 5.5, 0]},
			"faces": {
				"north": {"uv": [12.75, 1.25, 13, 1.5], "texture": "#1"},
				"east": {"uv": [1.5, 12.75, 1.75, 13], "texture": "#1"},
				"south": {"uv": [12.75, 1.5, 13, 1.75], "texture": "#1"},
				"west": {"uv": [1.75, 12.75, 2, 13], "texture": "#1"},
				"up": {"uv": [13, 2, 12.75, 1.75], "texture": "#1"},
				"down": {"uv": [2.25, 12.75, 2, 13], "texture": "#1"}
			}
		},
		{
			"from": [9.25, 21.5, 8],
			"to": [9.5, 22, 8.25],
			"rotation": {"angle": 22.5, "axis": "y", "origin": [0, 5.5, 0]},
			"faces": {
				"north": {"uv": [2.75, 12.5, 3, 12.75], "texture": "#1"},
				"east": {"uv": [12.5, 2.75, 12.75, 3], "texture": "#1"},
				"south": {"uv": [3, 12.5, 3.25, 12.75], "texture": "#1"},
				"west": {"uv": [12.5, 3, 12.75, 3.25], "texture": "#1"},
				"up": {"uv": [3.5, 12.75, 3.25, 12.5], "texture": "#1"},
				"down": {"uv": [12.75, 3.25, 12.5, 3.5], "texture": "#1"}
			}
		},
		{
			"from": [9.5, 21.5, 8.25],
			"to": [9.75, 22, 8.5],
			"rotation": {"angle": 22.5, "axis": "y", "origin": [0, 5.5, 0]},
			"faces": {
				"north": {"uv": [3.5, 12.5, 3.75, 12.75], "texture": "#1"},
				"east": {"uv": [12.5, 3.5, 12.75, 3.75], "texture": "#1"},
				"south": {"uv": [3.75, 12.5, 4, 12.75], "texture": "#1"},
				"west": {"uv": [12.5, 3.75, 12.75, 4], "texture": "#1"},
				"up": {"uv": [4.25, 12.75, 4, 12.5], "texture": "#1"},
				"down": {"uv": [12.75, 4, 12.5, 4.25], "texture": "#1"}
			}
		},
		{
			"from": [9.75, 21.5, 8.5],
			"to": [10, 22, 8.75],
			"rotation": {"angle": 22.5, "axis": "y", "origin": [0, 5.5, 0]},
			"faces": {
				"north": {"uv": [11.75, 12.5, 12, 12.75], "texture": "#1"},
				"east": {"uv": [12.5, 11.75, 12.75, 12], "texture": "#1"},
				"south": {"uv": [12, 12.5, 12.25, 12.75], "texture": "#1"},
				"west": {"uv": [12.5, 12, 12.75, 12.25], "texture": "#1"},
				"up": {"uv": [12.5, 12.75, 12.25, 12.5], "texture": "#1"},
				"down": {"uv": [12.75, 12.25, 12.5, 12.5], "texture": "#1"}
			}
		},
		{
			"from": [10, 21.5, 8.5],
			"to": [10.25, 22, 8.75],
			"rotation": {"angle": 22.5, "axis": "y", "origin": [0, 5.5, 0]},
			"faces": {
				"north": {"uv": [4.25, 12.5, 4.5, 12.75], "texture": "#1"},
				"east": {"uv": [12.5, 4.25, 12.75, 4.5], "texture": "#1"},
				"south": {"uv": [4.5, 12.5, 4.75, 12.75], "texture": "#1"},
				"west": {"uv": [12.5, 4.5, 12.75, 4.75], "texture": "#1"},
				"up": {"uv": [5, 12.75, 4.75, 12.5], "texture": "#1"},
				"down": {"uv": [12.75, 4.75, 12.5, 5], "texture": "#1"}
			}
		},
		{
			"from": [9.75, 21.5, 8.25],
			"to": [10, 22, 8.5],
			"rotation": {"angle": 22.5, "axis": "y", "origin": [0, 5.5, 0]},
			"faces": {
				"north": {"uv": [5, 12.5, 5.25, 12.75], "texture": "#1"},
				"east": {"uv": [12.5, 5, 12.75, 5.25], "texture": "#1"},
				"south": {"uv": [5.25, 12.5, 5.5, 12.75], "texture": "#1"},
				"west": {"uv": [12.5, 5.25, 12.75, 5.5], "texture": "#1"},
				"up": {"uv": [5.75, 12.75, 5.5, 12.5], "texture": "#1"},
				"down": {"uv": [12.75, 5.5, 12.5, 5.75], "texture": "#1"}
			}
		},
		{
			"from": [9.5, 21.5, 8],
			"to": [9.75, 22, 8.25],
			"rotation": {"angle": 22.5, "axis": "y", "origin": [0, 5.5, 0]},
			"faces": {
				"north": {"uv": [5.75, 12.5, 6, 12.75], "texture": "#1"},
				"east": {"uv": [12.5, 5.75, 12.75, 6], "texture": "#1"},
				"south": {"uv": [6, 12.5, 6.25, 12.75], "texture": "#1"},
				"west": {"uv": [12.5, 6, 12.75, 6.25], "texture": "#1"},
				"up": {"uv": [6.5, 12.75, 6.25, 12.5], "texture": "#1"},
				"down": {"uv": [12.75, 6.25, 12.5, 6.5], "texture": "#1"}
			}
		},
		{
			"from": [10, 21.5, 8.25],
			"to": [10.25, 22, 8.5],
			"rotation": {"angle": 22.5, "axis": "y", "origin": [0, 5.5, 0]},
			"faces": {
				"north": {"uv": [6.5, 12.5, 6.75, 12.75], "texture": "#1"},
				"east": {"uv": [12.5, 6.5, 12.75, 6.75], "texture": "#1"},
				"south": {"uv": [6.75, 12.5, 7, 12.75], "texture": "#1"},
				"west": {"uv": [12.5, 6.75, 12.75, 7], "texture": "#1"},
				"up": {"uv": [7.25, 12.75, 7, 12.5], "texture": "#1"},
				"down": {"uv": [12.75, 7, 12.5, 7.25], "texture": "#1"}
			}
		},
		{
			"from": [10.25, 21.5, 8.5],
			"to": [10.5, 22, 8.75],
			"rotation": {"angle": 22.5, "axis": "y", "origin": [0, 5.5, 0]},
			"faces": {
				"north": {"uv": [7.25, 12.5, 7.5, 12.75], "texture": "#1"},
				"east": {"uv": [12.5, 7.25, 12.75, 7.5], "texture": "#1"},
				"south": {"uv": [7.5, 12.5, 7.75, 12.75], "texture": "#1"},
				"west": {"uv": [12.5, 7.5, 12.75, 7.75], "texture": "#1"},
				"up": {"uv": [8, 12.75, 7.75, 12.5], "texture": "#1"},
				"down": {"uv": [12.75, 7.75, 12.5, 8], "texture": "#1"}
			}
		},
		{
			"from": [10.25, 21.5, 8.75],
			"to": [10.5, 22, 9],
			"rotation": {"angle": 22.5, "axis": "y", "origin": [0, 5.5, 0]},
			"faces": {
				"north": {"uv": [8, 12.5, 8.25, 12.75], "texture": "#1"},
				"east": {"uv": [12.5, 8, 12.75, 8.25], "texture": "#1"},
				"south": {"uv": [8.25, 12.5, 8.5, 12.75], "texture": "#1"},
				"west": {"uv": [12.5, 8.25, 12.75, 8.5], "texture": "#1"},
				"up": {"uv": [8.75, 12.75, 8.5, 12.5], "texture": "#1"},
				"down": {"uv": [12.75, 8.5, 12.5, 8.75], "texture": "#1"}
			}
		},
		{
			"from": [10.5, 21.5, 8.75],
			"to": [10.75, 22, 9],
			"rotation": {"angle": 22.5, "axis": "y", "origin": [0, 5.5, 0]},
			"faces": {
				"north": {"uv": [8.75, 12.5, 9, 12.75], "texture": "#1"},
				"east": {"uv": [12.5, 8.75, 12.75, 9], "texture": "#1"},
				"south": {"uv": [9, 12.5, 9.25, 12.75], "texture": "#1"},
				"west": {"uv": [12.5, 9, 12.75, 9.25], "texture": "#1"},
				"up": {"uv": [9.5, 12.75, 9.25, 12.5], "texture": "#1"},
				"down": {"uv": [12.75, 9.25, 12.5, 9.5], "texture": "#1"}
			}
		},
		{
			"from": [10.5, 21.5, 9],
			"to": [10.75, 22, 9.25],
			"rotation": {"angle": 22.5, "axis": "y", "origin": [0, 5.5, 0]},
			"faces": {
				"north": {"uv": [9.5, 12.5, 9.75, 12.75], "texture": "#1"},
				"east": {"uv": [12.5, 9.5, 12.75, 9.75], "texture": "#1"},
				"south": {"uv": [9.75, 12.5, 10, 12.75], "texture": "#1"},
				"west": {"uv": [12.5, 9.75, 12.75, 10], "texture": "#1"},
				"up": {"uv": [10.25, 12.75, 10, 12.5], "texture": "#1"},
				"down": {"uv": [12.75, 10, 12.5, 10.25], "texture": "#1"}
			}
		},
		{
			"from": [10.5, 21.5, 9.25],
			"to": [10.75, 22, 9.5],
			"rotation": {"angle": 22.5, "axis": "y", "origin": [0, 5.5, 0]},
			"faces": {
				"north": {"uv": [11, 12.5, 11.25, 12.75], "texture": "#1"},
				"east": {"uv": [12.5, 11, 12.75, 11.25], "texture": "#1"},
				"south": {"uv": [11.25, 12.5, 11.5, 12.75], "texture": "#1"},
				"west": {"uv": [12.5, 11.25, 12.75, 11.5], "texture": "#1"},
				"up": {"uv": [11.75, 12.75, 11.5, 12.5], "texture": "#1"},
				"down": {"uv": [12.75, 11.5, 12.5, 11.75], "texture": "#1"}
			}
		},
		{
			"from": [9.75, 21.5, 7.25],
			"to": [10, 22, 7.5],
			"rotation": {"angle": 22.5, "axis": "y", "origin": [0, 5.5, 0]},
			"faces": {
				"north": {"uv": [12.25, 11.25, 12.5, 11.5], "texture": "#1"},
				"east": {"uv": [11.5, 12.25, 11.75, 12.5], "texture": "#1"},
				"south": {"uv": [12.25, 11.5, 12.5, 11.75], "texture": "#1"},
				"west": {"uv": [11.75, 12.25, 12, 12.5], "texture": "#1"},
				"up": {"uv": [12.5, 12, 12.25, 11.75], "texture": "#1"},
				"down": {"uv": [12.25, 12.25, 12, 12.5], "texture": "#1"}
			}
		},
		{
			"from": [9.75, 21.5, 7],
			"to": [10, 22, 7.25],
			"rotation": {"angle": 22.5, "axis": "y", "origin": [0, 5.5, 0]},
			"faces": {
				"north": {"uv": [12.25, 12, 12.5, 12.25], "texture": "#1"},
				"east": {"uv": [12.25, 12.25, 12.5, 12.5], "texture": "#1"},
				"south": {"uv": [0, 12.5, 0.25, 12.75], "texture": "#1"},
				"west": {"uv": [12.5, 0, 12.75, 0.25], "texture": "#1"},
				"up": {"uv": [0.5, 12.75, 0.25, 12.5], "texture": "#1"},
				"down": {"uv": [12.75, 0.25, 12.5, 0.5], "texture": "#1"}
			}
		},
		{
			"from": [10, 21.5, 7],
			"to": [10.25, 22, 7.25],
			"rotation": {"angle": 22.5, "axis": "y", "origin": [0, 5.5, 0]},
			"faces": {
				"north": {"uv": [12.5, 12.5, 12.75, 12.75], "texture": "#1"},
				"east": {"uv": [0, 12.75, 0.25, 13], "texture": "#1"},
				"south": {"uv": [12.75, 0, 13, 0.25], "texture": "#1"},
				"west": {"uv": [0.25, 12.75, 0.5, 13], "texture": "#1"},
				"up": {"uv": [13, 0.5, 12.75, 0.25], "texture": "#1"},
				"down": {"uv": [0.75, 12.75, 0.5, 13], "texture": "#1"}
			}
		},
		{
			"from": [9.25, 21.5, 7.5],
			"to": [9.5, 22, 7.75],
			"rotation": {"angle": 22.5, "axis": "y", "origin": [0, 5.5, 0]},
			"faces": {
				"north": {"uv": [0.5, 12.5, 0.75, 12.75], "texture": "#1"},
				"east": {"uv": [12.5, 0.5, 12.75, 0.75], "texture": "#1"},
				"south": {"uv": [0.75, 12.5, 1, 12.75], "texture": "#1"},
				"west": {"uv": [12.5, 0.75, 12.75, 1], "texture": "#1"},
				"up": {"uv": [1.25, 12.75, 1, 12.5], "texture": "#1"},
				"down": {"uv": [12.75, 1, 12.5, 1.25], "texture": "#1"}
			}
		},
		{
			"from": [9.5, 21.5, 7.5],
			"to": [9.75, 22, 8],
			"rotation": {"angle": 22.5, "axis": "y", "origin": [0, 5.5, 0]},
			"faces": {
				"north": {"uv": [12.25, 9, 12.5, 9.25], "texture": "#1"},
				"east": {"uv": [9.25, 12.25, 9.5, 12.5], "texture": "#1"},
				"south": {"uv": [12.25, 9.25, 12.5, 9.5], "texture": "#1"},
				"west": {"uv": [9.5, 12.25, 9.75, 12.5], "texture": "#1"},
				"up": {"uv": [12.5, 9.75, 12.25, 9.5], "texture": "#1"},
				"down": {"uv": [10, 12.25, 9.75, 12.5], "texture": "#1"}
			}
		},
		{
			"from": [9.5, 21.5, 7],
			"to": [9.75, 22, 7.5],
			"rotation": {"angle": 22.5, "axis": "y", "origin": [0, 5.5, 0]},
			"faces": {
				"north": {"uv": [12.25, 9.75, 12.5, 10], "texture": "#1"},
				"east": {"uv": [10, 12.25, 10.25, 12.5], "texture": "#1"},
				"south": {"uv": [12.25, 10, 12.5, 10.25], "texture": "#1"},
				"west": {"uv": [10.25, 12.25, 10.5, 12.5], "texture": "#1"},
				"up": {"uv": [12.5, 10.5, 12.25, 10.25], "texture": "#1"},
				"down": {"uv": [10.75, 12.25, 10.5, 12.5], "texture": "#1"}
			}
		},
		{
			"from": [12, 21.5, 9.5],
			"to": [12.25, 21.75, 9.75],
			"rotation": {"angle": 0, "axis": "y", "origin": [0, 5.5, 1.25]},
			"faces": {
				"north": {"uv": [12.75, 2, 13, 2.25], "texture": "#1"},
				"east": {"uv": [2.25, 12.75, 2.5, 13], "texture": "#1"},
				"south": {"uv": [12.75, 2.25, 13, 2.5], "texture": "#1"},
				"west": {"uv": [2.5, 12.75, 2.75, 13], "texture": "#1"},
				"up": {"uv": [13, 2.75, 12.75, 2.5], "texture": "#1"},
				"down": {"uv": [3, 12.75, 2.75, 13], "texture": "#1"}
			}
		},
		{
			"from": [11.75, 21.5, 9.75],
			"to": [12, 21.75, 10],
			"rotation": {"angle": 0, "axis": "y", "origin": [0, 5.5, 1.25]},
			"faces": {
				"north": {"uv": [12.75, 2.75, 13, 3], "texture": "#1"},
				"east": {"uv": [3, 12.75, 3.25, 13], "texture": "#1"},
				"south": {"uv": [12.75, 3, 13, 3.25], "texture": "#1"},
				"west": {"uv": [3.25, 12.75, 3.5, 13], "texture": "#1"},
				"up": {"uv": [13, 3.5, 12.75, 3.25], "texture": "#1"},
				"down": {"uv": [3.75, 12.75, 3.5, 13], "texture": "#1"}
			}
		},
		{
			"from": [12, 21.5, 9.75],
			"to": [12.25, 21.75, 10],
			"rotation": {"angle": 0, "axis": "y", "origin": [0, 5.5, 1.25]},
			"faces": {
				"north": {"uv": [12.75, 3.5, 13, 3.75], "texture": "#1"},
				"east": {"uv": [3.75, 12.75, 4, 13], "texture": "#1"},
				"south": {"uv": [12.75, 3.75, 13, 4], "texture": "#1"},
				"west": {"uv": [4, 12.75, 4.25, 13], "texture": "#1"},
				"up": {"uv": [13, 4.25, 12.75, 4], "texture": "#1"},
				"down": {"uv": [4.5, 12.75, 4.25, 13], "texture": "#1"}
			}
		},
		{
			"from": [12.25, 21.5, 9.75],
			"to": [12.5, 21.75, 10],
			"rotation": {"angle": 0, "axis": "y", "origin": [0, 5.5, 1.25]},
			"faces": {
				"north": {"uv": [12.75, 4.25, 13, 4.5], "texture": "#1"},
				"east": {"uv": [4.5, 12.75, 4.75, 13], "texture": "#1"},
				"south": {"uv": [12.75, 4.5, 13, 4.75], "texture": "#1"},
				"west": {"uv": [4.75, 12.75, 5, 13], "texture": "#1"},
				"up": {"uv": [13, 5, 12.75, 4.75], "texture": "#1"},
				"down": {"uv": [5.25, 12.75, 5, 13], "texture": "#1"}
			}
		},
		{
			"from": [12, 21.5, 10],
			"to": [12.25, 21.75, 10.25],
			"rotation": {"angle": 0, "axis": "y", "origin": [0, 5.5, 1.25]},
			"faces": {
				"north": {"uv": [12.75, 5, 13, 5.25], "texture": "#1"},
				"east": {"uv": [5.25, 12.75, 5.5, 13], "texture": "#1"},
				"south": {"uv": [12.75, 5.25, 13, 5.5], "texture": "#1"},
				"west": {"uv": [5.5, 12.75, 5.75, 13], "texture": "#1"},
				"up": {"uv": [13, 5.75, 12.75, 5.5], "texture": "#1"},
				"down": {"uv": [6, 12.75, 5.75, 13], "texture": "#1"}
			}
		},
		{
			"from": [11.75, 21.5, 10],
			"to": [12, 21.75, 10.25],
			"rotation": {"angle": 0, "axis": "y", "origin": [0, 5.5, 1.25]},
			"faces": {
				"north": {"uv": [12.75, 5.75, 13, 6], "texture": "#1"},
				"east": {"uv": [6, 12.75, 6.25, 13], "texture": "#1"},
				"south": {"uv": [12.75, 6, 13, 6.25], "texture": "#1"},
				"west": {"uv": [6.25, 12.75, 6.5, 13], "texture": "#1"},
				"up": {"uv": [13, 6.5, 12.75, 6.25], "texture": "#1"},
				"down": {"uv": [6.75, 12.75, 6.5, 13], "texture": "#1"}
			}
		},
		{
			"from": [12, 21.5, 10.25],
			"to": [12.25, 21.75, 10.5],
			"rotation": {"angle": 0, "axis": "y", "origin": [0, 5.5, 1.25]},
			"faces": {
				"north": {"uv": [12.75, 6.5, 13, 6.75], "texture": "#1"},
				"east": {"uv": [6.75, 12.75, 7, 13], "texture": "#1"},
				"south": {"uv": [12.75, 6.75, 13, 7], "texture": "#1"},
				"west": {"uv": [7, 12.75, 7.25, 13], "texture": "#1"},
				"up": {"uv": [13, 7.25, 12.75, 7], "texture": "#1"},
				"down": {"uv": [7.5, 12.75, 7.25, 13], "texture": "#1"}
			}
		},
		{
			"from": [12.25, 21.5, 10.25],
			"to": [12.5, 21.75, 10.5],
			"rotation": {"angle": 0, "axis": "y", "origin": [0, 5.5, 1.25]},
			"faces": {
				"north": {"uv": [12.75, 7.25, 13, 7.5], "texture": "#1"},
				"east": {"uv": [7.5, 12.75, 7.75, 13], "texture": "#1"},
				"south": {"uv": [12.75, 7.5, 13, 7.75], "texture": "#1"},
				"west": {"uv": [7.75, 12.75, 8, 13], "texture": "#1"},
				"up": {"uv": [13, 8, 12.75, 7.75], "texture": "#1"},
				"down": {"uv": [8.25, 12.75, 8, 13], "texture": "#1"}
			}
		},
		{
			"from": [12.25, 21.5, 10],
			"to": [12.5, 21.75, 10.25],
			"rotation": {"angle": 0, "axis": "y", "origin": [0, 5.5, 1.25]},
			"faces": {
				"north": {"uv": [12.75, 11.75, 13, 12], "texture": "#1"},
				"east": {"uv": [12, 12.75, 12.25, 13], "texture": "#1"},
				"south": {"uv": [12.75, 12, 13, 12.25], "texture": "#1"},
				"west": {"uv": [12.25, 12.75, 12.5, 13], "texture": "#1"},
				"up": {"uv": [13, 12.5, 12.75, 12.25], "texture": "#1"},
				"down": {"uv": [12.75, 12.75, 12.5, 13], "texture": "#1"}
			}
		},
		{
			"from": [13, 21.5, 9],
			"to": [13.25, 21.75, 9.25],
			"rotation": {"angle": 0, "axis": "y", "origin": [0, 5.5, 1.25]},
			"faces": {
				"north": {"uv": [12.75, 12.5, 13, 12.75], "texture": "#1"},
				"east": {"uv": [12.75, 12.75, 13, 13], "texture": "#1"},
				"south": {"uv": [0, 13, 0.25, 13.25], "texture": "#1"},
				"west": {"uv": [13, 0, 13.25, 0.25], "texture": "#1"},
				"up": {"uv": [0.5, 13.25, 0.25, 13], "texture": "#1"},
				"down": {"uv": [13.25, 0.25, 13, 0.5], "texture": "#1"}
			}
		},
		{
			"from": [12.25, 21.5, 9.5],
			"to": [12.5, 21.75, 9.75],
			"rotation": {"angle": 0, "axis": "y", "origin": [0, 5.5, 1.25]},
			"faces": {
				"north": {"uv": [0.5, 13, 0.75, 13.25], "texture": "#1"},
				"east": {"uv": [13, 0.5, 13.25, 0.75], "texture": "#1"},
				"south": {"uv": [0.75, 13, 1, 13.25], "texture": "#1"},
				"west": {"uv": [13, 0.75, 13.25, 1], "texture": "#1"},
				"up": {"uv": [1.25, 13.25, 1, 13], "texture": "#1"},
				"down": {"uv": [13.25, 1, 13, 1.25], "texture": "#1"}
			}
		},
		{
			"from": [12.75, 21.5, 9.25],
			"to": [13, 21.75, 9.5],
			"rotation": {"angle": 0, "axis": "y", "origin": [0, 5.5, 1.25]},
			"faces": {
				"north": {"uv": [1.25, 13, 1.5, 13.25], "texture": "#1"},
				"east": {"uv": [13, 1.25, 13.25, 1.5], "texture": "#1"},
				"south": {"uv": [1.5, 13, 1.75, 13.25], "texture": "#1"},
				"west": {"uv": [13, 1.5, 13.25, 1.75], "texture": "#1"},
				"up": {"uv": [2, 13.25, 1.75, 13], "texture": "#1"},
				"down": {"uv": [13.25, 1.75, 13, 2], "texture": "#1"}
			}
		},
		{
			"from": [12.5, 21.5, 9.25],
			"to": [12.75, 21.75, 9.5],
			"rotation": {"angle": 0, "axis": "y", "origin": [0, 5.5, 1.25]},
			"faces": {
				"north": {"uv": [2.75, 13, 3, 13.25], "texture": "#1"},
				"east": {"uv": [13, 2.75, 13.25, 3], "texture": "#1"},
				"south": {"uv": [3, 13, 3.25, 13.25], "texture": "#1"},
				"west": {"uv": [13, 3, 13.25, 3.25], "texture": "#1"},
				"up": {"uv": [3.5, 13.25, 3.25, 13], "texture": "#1"},
				"down": {"uv": [13.25, 3.25, 13, 3.5], "texture": "#1"}
			}
		},
		{
			"from": [12.5, 21.5, 9.5],
			"to": [12.75, 21.75, 9.75],
			"rotation": {"angle": 0, "axis": "y", "origin": [0, 5.5, 1.25]},
			"faces": {
				"north": {"uv": [2, 13, 2.25, 13.25], "texture": "#1"},
				"east": {"uv": [13, 2, 13.25, 2.25], "texture": "#1"},
				"south": {"uv": [2.25, 13, 2.5, 13.25], "texture": "#1"},
				"west": {"uv": [13, 2.25, 13.25, 2.5], "texture": "#1"},
				"up": {"uv": [2.75, 13.25, 2.5, 13], "texture": "#1"},
				"down": {"uv": [13.25, 2.5, 13, 2.75], "texture": "#1"}
			}
		},
		{
			"from": [12, 21.75, 9.75],
			"to": [12.25, 22, 10],
			"rotation": {"angle": 0, "axis": "y", "origin": [0, 5.5, 1.25]},
			"faces": {
				"north": {"uv": [12.75, 8, 13, 8.25], "texture": "#1"},
				"east": {"uv": [8.25, 12.75, 8.5, 13], "texture": "#1"},
				"south": {"uv": [12.75, 8.25, 13, 8.5], "texture": "#1"},
				"west": {"uv": [8.5, 12.75, 8.75, 13], "texture": "#1"},
				"up": {"uv": [13, 8.75, 12.75, 8.5], "texture": "#1"},
				"down": {"uv": [9, 12.75, 8.75, 13], "texture": "#1"}
			}
		},
		{
			"from": [12, 21.75, 10],
			"to": [12.25, 22, 10.25],
			"rotation": {"angle": 0, "axis": "y", "origin": [0, 5.5, 1.25]},
			"faces": {
				"north": {"uv": [12.75, 8.75, 13, 9], "texture": "#1"},
				"east": {"uv": [9, 12.75, 9.25, 13], "texture": "#1"},
				"south": {"uv": [12.75, 9, 13, 9.25], "texture": "#1"},
				"west": {"uv": [9.25, 12.75, 9.5, 13], "texture": "#1"},
				"up": {"uv": [13, 9.5, 12.75, 9.25], "texture": "#1"},
				"down": {"uv": [9.75, 12.75, 9.5, 13], "texture": "#1"}
			}
		},
		{
			"from": [12.25, 21.75, 9.75],
			"to": [12.5, 22, 10],
			"rotation": {"angle": 0, "axis": "y", "origin": [0, 5.5, 1.25]},
			"faces": {
				"north": {"uv": [12.75, 9.5, 13, 9.75], "texture": "#1"},
				"east": {"uv": [9.75, 12.75, 10, 13], "texture": "#1"},
				"south": {"uv": [12.75, 9.75, 13, 10], "texture": "#1"},
				"west": {"uv": [10, 12.75, 10.25, 13], "texture": "#1"},
				"up": {"uv": [13, 10.25, 12.75, 10], "texture": "#1"},
				"down": {"uv": [10.5, 12.75, 10.25, 13], "texture": "#1"}
			}
		},
		{
			"from": [7.25, 21.75, 13],
			"to": [7.5, 22, 13.25],
			"rotation": {"angle": 22.5, "axis": "y", "origin": [0, 5.5, 1.25]},
			"faces": {
				"north": {"uv": [12.75, 10.25, 13, 10.5], "texture": "#1"},
				"east": {"uv": [10.5, 12.75, 10.75, 13], "texture": "#1"},
				"south": {"uv": [12.75, 10.5, 13, 10.75], "texture": "#1"},
				"west": {"uv": [10.75, 12.75, 11, 13], "texture": "#1"},
				"up": {"uv": [13, 11, 12.75, 10.75], "texture": "#1"},
				"down": {"uv": [11.25, 12.75, 11, 13], "texture": "#1"}
			}
		},
		{
			"from": [13.25, 21.5, 5],
			"to": [13.5, 21.75, 5.25],
			"rotation": {"angle": -22.5, "axis": "y", "origin": [0, 5.5, 1.25]},
			"faces": {
				"north": {"uv": [12.75, 11, 13, 11.25], "texture": "#1"},
				"east": {"uv": [11.25, 12.75, 11.5, 13], "texture": "#1"},
				"south": {"uv": [12.75, 11.25, 13, 11.5], "texture": "#1"},
				"west": {"uv": [11.5, 12.75, 11.75, 13], "texture": "#1"},
				"up": {"uv": [13, 11.75, 12.75, 11.5], "texture": "#1"},
				"down": {"uv": [12, 12.75, 11.75, 13], "texture": "#1"}
			}
		},
		{
			"from": [6.5, 21.5, 15.75],
			"to": [7.25, 21.75, 16.5],
			"rotation": {"angle": 22.5, "axis": "y", "origin": [0, 5.5, 0]},
			"faces": {
				"north": {"uv": [3.5, 13, 3.75, 13.25], "texture": "#1"},
				"east": {"uv": [13, 3.5, 13.25, 3.75], "texture": "#1"},
				"south": {"uv": [3.75, 13, 4, 13.25], "texture": "#1"},
				"west": {"uv": [13, 3.75, 13.25, 4], "texture": "#1"},
				"up": {"uv": [4.25, 13.25, 4, 13], "texture": "#1"},
				"down": {"uv": [13.25, 4, 13, 4.25], "texture": "#1"}
			}
		},
		{
			"from": [6.5, 21.75, 15.75],
			"to": [7.25, 22, 16.5],
			"rotation": {"angle": 22.5, "axis": "y", "origin": [0, 5.5, 0]},
			"faces": {
				"north": {"uv": [9.25, 13, 9.5, 13.25], "texture": "#1"},
				"east": {"uv": [13, 9.25, 13.25, 9.5], "texture": "#1"},
				"south": {"uv": [9.5, 13, 9.75, 13.25], "texture": "#1"},
				"west": {"uv": [13, 9.5, 13.25, 9.75], "texture": "#1"},
				"up": {"uv": [10, 13.25, 9.75, 13], "texture": "#1"},
				"down": {"uv": [13.25, 9.75, 13, 10], "texture": "#1"}
			}
		},
		{
			"from": [6.5, 21.75, 15.5],
			"to": [7.25, 22, 15.75],
			"rotation": {"angle": 22.5, "axis": "y", "origin": [0, 5.5, 0]},
			"faces": {
				"north": {"uv": [5, 13, 5.25, 13.25], "texture": "#1"},
				"east": {"uv": [13, 5, 13.25, 5.25], "texture": "#1"},
				"south": {"uv": [5.25, 13, 5.5, 13.25], "texture": "#1"},
				"west": {"uv": [13, 5.25, 13.25, 5.5], "texture": "#1"},
				"up": {"uv": [5.75, 13.25, 5.5, 13], "texture": "#1"},
				"down": {"uv": [13.25, 5.5, 13, 5.75], "texture": "#1"}
			}
		},
		{
			"from": [6.5, 21.75, 16.5],
			"to": [7.25, 22, 16.75],
			"rotation": {"angle": 22.5, "axis": "y", "origin": [0, 5.5, 0]},
			"faces": {
				"north": {"uv": [5.75, 13, 6, 13.25], "texture": "#1"},
				"east": {"uv": [13, 5.75, 13.25, 6], "texture": "#1"},
				"south": {"uv": [6, 13, 6.25, 13.25], "texture": "#1"},
				"west": {"uv": [13, 6, 13.25, 6.25], "texture": "#1"},
				"up": {"uv": [6.5, 13.25, 6.25, 13], "texture": "#1"},
				"down": {"uv": [13.25, 6.25, 13, 6.5], "texture": "#1"}
			}
		},
		{
			"from": [6.25, 22, 16.75],
			"to": [7.5, 22.25, 17],
			"rotation": {"angle": 22.5, "axis": "y", "origin": [0, 5.5, 0]},
			"faces": {
				"north": {"uv": [7.75, 13, 8, 13.25], "texture": "#1"},
				"east": {"uv": [13, 7.75, 13.25, 8], "texture": "#1"},
				"south": {"uv": [8, 13, 8.25, 13.25], "texture": "#1"},
				"west": {"uv": [13, 8, 13.25, 8.25], "texture": "#1"},
				"up": {"uv": [8.5, 13.25, 8.25, 13], "texture": "#1"},
				"down": {"uv": [13.25, 8.25, 13, 8.5], "texture": "#1"}
			}
		},
		{
			"from": [6.25, 22, 15.25],
			"to": [7.5, 22.25, 15.5],
			"rotation": {"angle": 22.5, "axis": "y", "origin": [0, 5.5, 0]},
			"faces": {
				"north": {"uv": [8.5, 13, 8.75, 13.25], "texture": "#1"},
				"east": {"uv": [13, 8.5, 13.25, 8.75], "texture": "#1"},
				"south": {"uv": [8.75, 13, 9, 13.25], "texture": "#1"},
				"west": {"uv": [13, 8.75, 13.25, 9], "texture": "#1"},
				"up": {"uv": [9.25, 13.25, 9, 13], "texture": "#1"},
				"down": {"uv": [13.25, 9, 13, 9.25], "texture": "#1"}
			}
		},
		{
			"from": [6.25, 21.75, 15.5],
			"to": [6.5, 22, 16.75],
			"rotation": {"angle": 22.5, "axis": "y", "origin": [0, 5.5, 0]},
			"faces": {
				"north": {"uv": [4.25, 13, 4.5, 13.25], "texture": "#1"},
				"east": {"uv": [13, 4.25, 13.25, 4.5], "texture": "#1"},
				"south": {"uv": [4.5, 13, 4.75, 13.25], "texture": "#1"},
				"west": {"uv": [13, 4.5, 13.25, 4.75], "texture": "#1"},
				"up": {"uv": [5, 13.25, 4.75, 13], "texture": "#1"},
				"down": {"uv": [13.25, 4.75, 13, 5], "texture": "#1"}
			}
		},
		{
			"from": [7.5, 22, 15.25],
			"to": [7.75, 22.25, 17],
			"rotation": {"angle": 22.5, "axis": "y", "origin": [0, 5.5, 0]},
			"faces": {
				"north": {"uv": [6.5, 13, 6.75, 13.25], "texture": "#1"},
				"east": {"uv": [11.5, 7.75, 12, 8], "texture": "#1"},
				"south": {"uv": [13, 6.5, 13.25, 6.75], "texture": "#1"},
				"west": {"uv": [11.5, 8, 12, 8.25], "texture": "#1"},
				"up": {"uv": [11.75, 8.75, 11.5, 8.25], "texture": "#1"},
				"down": {"uv": [11.75, 8.75, 11.5, 9.25], "texture": "#1"}
			}
		},
		{
			"from": [6, 22, 15.25],
			"to": [6.25, 22.25, 17],
			"rotation": {"angle": 22.5, "axis": "y", "origin": [0, 5.5, 0]},
			"faces": {
				"north": {"uv": [7.5, 13, 7.75, 13.25], "texture": "#1"},
				"east": {"uv": [11.5, 9.25, 12, 9.5], "texture": "#1"},
				"south": {"uv": [13, 7.5, 13.25, 7.75], "texture": "#1"},
				"west": {"uv": [11.5, 9.5, 12, 9.75], "texture": "#1"},
				"up": {"uv": [11.75, 10.25, 11.5, 9.75], "texture": "#1"},
				"down": {"uv": [10.5, 11.5, 10.25, 12], "texture": "#1"}
			}
		},
		{
			"from": [7.25, 21.75, 15.5],
			"to": [7.5, 22, 16.75],
			"rotation": {"angle": 22.5, "axis": "y", "origin": [0, 5.5, 0]},
			"faces": {
				"north": {"uv": [6.75, 13, 7, 13.25], "texture": "#1"},
				"east": {"uv": [13, 6.75, 13.25, 7], "texture": "#1"},
				"south": {"uv": [7, 13, 7.25, 13.25], "texture": "#1"},
				"west": {"uv": [13, 7, 13.25, 7.25], "texture": "#1"},
				"up": {"uv": [7.5, 13.25, 7.25, 13], "texture": "#1"},
				"down": {"uv": [13.25, 7.25, 13, 7.5], "texture": "#1"}
			}
		},
		{
			"from": [3, 13, 0],
			"to": [13, 15, 16],
			"faces": {
				"north": {"uv": [0, 0, 5, 1], "texture": "#2"},
				"east": {"uv": [0, 0, 8, 1], "texture": "#2"},
				"south": {"uv": [0, 0, 5, 1], "texture": "#2"},
				"west": {"uv": [0, 0, 8, 1], "texture": "#2"},
				"up": {"uv": [0, 0, 5, 8], "texture": "#2"},
				"down": {"uv": [0, 0, 5, 8], "texture": "#2"}
			}
		},
		{
			"from": [0, 13, 3],
			"to": [16, 15, 13],
			"faces": {
				"north": {"uv": [0, 0, 8, 1], "texture": "#2"},
				"east": {"uv": [0, 0, 5, 1], "texture": "#2"},
				"south": {"uv": [0, 0, 8, 1], "texture": "#2"},
				"west": {"uv": [0, 0, 5, 1], "texture": "#2"},
				"up": {"uv": [0, 0, 8, 5], "texture": "#2"},
				"down": {"uv": [0, 0, 8, 5], "texture": "#2"}
			}
		},
		{
			"from": [0, 0, 3],
			"to": [1, 13, 13],
			"faces": {
				"north": {"uv": [0, 0, 0.5, 6.5], "texture": "#2"},
				"east": {"uv": [0, 0, 5, 6.5], "texture": "#2"},
				"south": {"uv": [0, 0, 0.5, 6.5], "texture": "#2"},
				"west": {"uv": [0, 0, 5, 6.5], "texture": "#2"},
				"up": {"uv": [0, 0, 0.5, 5], "texture": "#2"},
				"down": {"uv": [0, 0, 0.5, 5], "texture": "#2"}
			}
		},
		{
			"from": [15, 0, 3],
			"to": [16, 13, 13],
			"faces": {
				"north": {"uv": [0, 0, 0.5, 6.5], "texture": "#2"},
				"east": {"uv": [0, 0, 5, 6.5], "texture": "#2"},
				"south": {"uv": [0, 0, 0.5, 6.5], "texture": "#2"},
				"west": {"uv": [0, 0, 5, 6.5], "texture": "#2"},
				"up": {"uv": [0, 0, 0.5, 5], "texture": "#2"},
				"down": {"uv": [0, 0, 0.5, 5], "texture": "#2"}
			}
		},
		{
			"from": [3, 0, 15],
			"to": [13, 13, 16],
			"faces": {
				"north": {"uv": [0, 0, 5, 6.5], "texture": "#2"},
				"east": {"uv": [0, 0, 0.5, 6.5], "texture": "#2"},
				"south": {"uv": [0, 0, 5, 6.5], "texture": "#2"},
				"west": {"uv": [0, 0, 0.5, 6.5], "texture": "#2"},
				"up": {"uv": [0, 0, 5, 0.5], "texture": "#2"},
				"down": {"uv": [0, 0, 5, 0.5], "texture": "#2"}
			}
		},
		{
			"from": [3, 0, 0],
			"to": [13, 13, 1],
			"faces": {
				"north": {"uv": [0, 0, 5, 6.5], "texture": "#2"},
				"east": {"uv": [0, 0, 0.5, 6.5], "texture": "#2"},
				"south": {"uv": [0, 0, 5, 6.5], "texture": "#2"},
				"west": {"uv": [0, 0, 0.5, 6.5], "texture": "#2"},
				"up": {"uv": [0, 0, 5, 0.5], "texture": "#2"},
				"down": {"uv": [0, 0, 5, 0.5], "texture": "#2"}
			}
		},
		{
			"from": [3, 0, 0],
			"to": [13, 13, 1],
			"faces": {
				"north": {"uv": [0, 0, 5, 6.5], "texture": "#2"},
				"east": {"uv": [0, 6.5, 0.5, 13], "texture": "#2"},
				"south": {"uv": [5, 0, 10, 6.5], "texture": "#2"},
				"west": {"uv": [0.5, 6.5, 1, 13], "texture": "#2"},
				"up": {"uv": [6, 7, 1, 6.5], "texture": "#2"},
				"down": {"uv": [11, 6.5, 6, 7], "texture": "#2"}
			}
		}
	],
	"display": {
		"thirdperson_righthand": {
			"scale": [0.5, 0.5, 0.5]
		},
		"thirdperson_lefthand": {
			"scale": [0.5, 0.5, 0.5]
		},
		"firstperson_righthand": {
			"scale": [0.5, 0.5, 0.5]
		},
		"firstperson_lefthand": {
			"rotation": [0, -180, 0],
			"scale": [0.5, 0.5, 0.5]
		},
		"ground": {
			"translation": [0, -1, 0],
			"scale": [0.35, 0.35, 0.35]
		},
		"gui": {
			"rotation": [49, 126, 0],
			"scale": [0.6, 0.6, 0.6]
		},
		"head": {
			"translation": [-18.25, -14.75, -18.25],
			"scale": [2.3, 2.3, 2.3]
		},
		"fixed": {
			"rotation": [-90, -90, 0],
			"translation": [0, 0, -16],
			"scale": [2.01, 2.01, 2.01]
		}
	},
	"groups": [
		{
			"name": "Outer",
			"origin": [8, 8, 8],
			"color": 0,
			"children": [
				{
					"name": "FL Leg",
					"origin": [0, 0, 0],
					"color": 0,
					"children": [0, 1, 2, 3, 4, 5, 6, 7, 8, 9, 10, 11]
				},
				{
					"name": "BL Leg",
					"origin": [0, 0, 0],
					"color": 0,
					"children": [12, 13, 14, 15, 16, 17, 18, 19, 20, 21, 22, 23]
				},
				{
					"name": "BR Leg",
					"origin": [0, 0, 0],
					"color": 0,
					"children": [24, 25, 26, 27, 28, 29, 30, 31, 32, 33, 34, 35]
				},
				{
					"name": "BR Leg",
					"origin": [0, 0, 0],
					"color": 0,
					"children": [36, 37, 38, 39, 40, 41, 42, 43, 44, 45, 46, 47]
				},
				{
					"name": "Base",
					"origin": [8, 8, 8],
					"color": 0,
					"children": [48]
				},
				{
					"name": "Bin",
					"origin": [8, 8, 8],
					"color": 0,
					"children": [49, 50, 51, 52, 53, 54, 55, 56, 57, 58, 59, 60, 61, 62, 63, 64]
				}
			]
		},
		{
			"name": "Details",
			"origin": [8, 8, 8],
			"color": 0,
			"children": [
				{
					"name": "Pipe",
					"origin": [0, 0, 0],
					"color": 0,
					"children": [65, 66, 67, 68, 69, 70, 71, 72, 73, 74, 75, 76, 77, 78, 79, 80, 81, 82, 83, 84, 85, 86, 87, 88]
				},
				{
					"name": "Berries",
					"origin": [8, 8, 8],
					"color": 0,
					"children": [89, 90, 91, 92, 93, 94, 95, 96, 97, 98, 99, 100, 101, 102, 103, 104, 105, 106, 107]
				},
				{
					"name": "Bowl of water",
					"origin": [8, 8, 8],
					"color": 0,
					"children": [108, 109, 110, 111, 112, 113, 114, 115, 116, 117]
				}
			]
		},
		{
			"name": "Full modifiers",
			"origin": [8, 8, 8],
			"color": 0,
			"children": [118, 119, 120, 121, 122, 123, 124]
		}
	]
}