{
    "providers": [
        {
            "ascent": 4,
            "chars": [
                ""
            ],
            "file": "minecraft:icons/txt/spacer4x4.png",
            "height": 4,
            "type": "bitmap"
        },
        {
            "ascent": 7,
            "chars": [
                "ѽ"
            ],
            "file": "minecraft:icons/txt/1.png",
            "height": 8,
            "type": "bitmap"
        },
        {
            "ascent": 7,
            "chars": [
                "≬"
            ],
            "file": "minecraft:icons/txt/2.png",
            "height": 8,
            "type": "bitmap"
        },
        {
            "ascent": 7,
            "chars": [
                "ઇ"
            ],
            "file": "minecraft:icons/txt/3.png",
            "height": 8,
            "type": "bitmap"
        },
        {
            "ascent": 7,
            "chars": [
                "۵"
            ],
            "file": "minecraft:icons/txt/4.png",
            "height": 8,
            "type": "bitmap"
        },
        {
            "ascent": 7,
            "chars": [
                "≛"
            ],
            "file": "minecraft:icons/txt/5.png",
            "height": 8,
            "type": "bitmap"
        },
        {
            "ascent": 7,
            "chars": [
                "๏"
            ],
            "file": "minecraft:icons/txt/6.png",
            "height": 8,
            "type": "bitmap"
        },
        {
            "ascent": 7,
            "chars": [
                "ɷ"
            ],
            "file": "minecraft:icons/txt/7.png",
            "height": 8,
            "type": "bitmap"
        },
        {
            "ascent": 7,
            "chars": [
                "≖"
            ],
            "file": "minecraft:icons/txt/8.png",
            "height": 8,
            "type": "bitmap"
        },
        {
            "ascent": 7,
            "chars": [
                "῏"
            ],
            "file": "minecraft:icons/txt/9.png",
            "height": 8,
            "type": "bitmap"
        },
        {
            "ascent": 7,
            "chars": [
                "∦"
            ],
            "file": "minecraft:icons/txt/10.png",
            "height": 8,
            "type": "bitmap"
        },
        {
            "ascent": 7,
            "chars": [
                "號"
            ],
            "file": "minecraft:icons/txt/11.png",
            "height": 8,
            "type": "bitmap"
        },
        {
            "ascent": 7,
            "chars": [
                "􀀶"
            ],
            "file": "minecraft:icons/txt/chereshnya.png",
            "height": 8,
            "type": "bitmap"
        },
        {
            "ascent": 7,
            "chars": [
                "󰁕"
            ],
            "file": "minecraft:icons/txt/xanax.png",
            "height": 8,
            "type": "bitmap"
        },
        {
            "ascent": 7,
            "chars": [
                "𫡖"
            ],
            "file": "minecraft:icons/txt/emerald.png",
            "height": 8,
            "type": "bitmap"
        },
        {
            "ascent": 7,
            "chars": [
                "𫡁"
            ],
            "file": "minecraft:icons/txt/lapis.png",
            "height": 8,
            "type": "bitmap"
        },
        {
            "ascent": 7,
            "chars": [
                "𫠻"
            ],
            "file": "minecraft:icons/txt/magma.png",
            "height": 8,
            "type": "bitmap"
        },
        {
            "ascent": 42,
            "chars": [
                ""
            ],
            "file": "minecraft:icons/txt/arxonium.png",
            "height": 60,
            "type": "bitmap"
        },
        {
            "ascent": 16,
            "chars": [
                ""
            ],
            "file": "minecraft:icons/icons/ico_book.png",
            "height": 8,
            "type": "bitmap"
        },
        {
            "ascent": 8,
            "chars": [
                ""
            ],
            "file": "minecraft:icons/icons/ico_booster.png",
            "height": 8,
            "type": "bitmap"
        },
        {
            "ascent": 8,
            "chars": [
                ""
            ],
            "file": "minecraft:icons/icons/ico_diamond.png",
            "height": 8,
            "type": "bitmap"
        },
        {
            "ascent": 8,
            "chars": [
                ""
            ],
            "file": "minecraft:icons/icons/ico_emerald.png",
            "height": 8,
            "type": "bitmap"
        },
        {
            "ascent": 8,
            "chars": [
                ""
            ],
            "file": "minecraft:icons/icons/ico_gold.png",
            "height": 8,
            "type": "bitmap"
        },
        {
            "ascent": 8,
            "chars": [
                ""
            ],
            "file": "minecraft:icons/icons/ico_human.png",
            "height": 8,
            "type": "bitmap"
        },
        {
            "ascent": 8,
            "chars": [
                ""
            ],
            "file": "minecraft:icons/icons/ico_iron.png",
            "height": 8,
            "type": "bitmap"
        },
        {
            "ascent": 8,
            "chars": [
                ""
            ],
            "file": "minecraft:icons/icons/ico_netherite.png",
            "height": 8,
            "type": "bitmap"
        },
        {
            "ascent": 7,
            "chars": [
                ""
            ],
            "file": "minecraft:icons/emotes/eggevent.png",
            "height": 8,
            "type": "bitmap"
        },
        {
            "ascent": 8,
            "chars": [
                ""
            ],
            "file": "minecraft:icons/emotes/symbolofox.png",
            "height": 8,
            "type": "bitmap"
        },
        {
            "ascent": 8,
            "chars": [
                ""
            ],
            "file": "minecraft:icons/emotes/heart3.png",
            "height": 8,
            "type": "bitmap"
        },
        {
            "ascent": 8,
            "chars": [
                ""
            ],
            "file": "minecraft:icons/emotes/ox.png",
            "height": 8,
            "type": "bitmap"
        },
        {
            "ascent": 8,
            "chars": [
                ""
            ],
            "file": "minecraft:icons/emotes/panda.png",
            "height": 11,
            "type": "bitmap"
        },
        {
            "ascent": 8,
            "chars": [
                ""
            ],
            "file": "minecraft:icons/emotes/moobloom.png",
            "height": 9,
            "type": "bitmap"
        },
        {
            "ascent": 8,
            "chars": [
                ""
            ],
            "file": "minecraft:icons/emotes/mooshroom.png",
            "height": 12,
            "type": "bitmap"
        },
        {
            "ascent": 8,
            "chars": [
                ""
            ],
            "file": "minecraft:icons/emotes/bee.png",
            "height": 11,
            "type": "bitmap"
        },
        {
            "ascent": 8,
            "chars": [
                ""
            ],
            "file": "minecraft:icons/emotes/fox.png",
            "height": 12,
            "type": "bitmap"
        },
        {
            "ascent": 8,
            "chars": [
                ""
            ],
            "file": "minecraft:icons/emotes/pig.png",
            "height": 10,
            "type": "bitmap"
        },
        {
            "ascent": 8,
            "chars": [
                ""
            ],
            "file": "minecraft:icons/emotes/cow.png",
            "height": 12,
            "type": "bitmap"
        },
        {
            "ascent": 8,
            "chars": [
                ""
            ],
            "file": "minecraft:icons/emotes/chicken.png",
            "height": 9,
            "type": "bitmap"
        },
        {
            "ascent": 8,
            "chars": [
                ""
            ],
            "file": "minecraft:icons/emotes/villager.png",
            "height": 9,
            "type": "bitmap"
        },
        {
            "ascent": 8,
            "chars": [
                ""
            ],
            "file": "minecraft:icons/emotes/ravager.png",
            "height": 9,
            "type": "bitmap"
        },
        {
            "ascent": 8,
            "chars": [
                ""
            ],
            "file": "minecraft:icons/emotes/wither.png",
            "height": 9,
            "type": "bitmap"
        },
        {
            "ascent": 8,
            "chars": [
                ""
            ],
            "file": "minecraft:icons/emotes/enderdragon.png",
            "height": 9,
            "type": "bitmap"
        },
        {
            "ascent": 8,
            "chars": [
                ""
            ],
            "file": "minecraft:icons/emotes/zombie.png",
            "height": 9,
            "type": "bitmap"
        },
        {
            "ascent": 8,
            "chars": [
                ""
            ],
            "file": "minecraft:icons/emotes/skeleton.png",
            "height": 9,
            "type": "bitmap"
        },
        {
            "ascent": 8,
            "chars": [
                ""
            ],
            "file": "minecraft:icons/emotes/parrot.png",
            "height": 10,
            "type": "bitmap"
        },
        {
            "ascent": 8,
            "chars": [
                ""
            ],
            "file": "minecraft:icons/emotes/rabbit.png",
            "height": 9,
            "type": "bitmap"
        },
        {
            "ascent": 8,
            "chars": [
                ""
            ],
            "file": "minecraft:icons/emotes/tropicalfish.png",
            "height": 9,
            "type": "bitmap"
        },
        {
            "ascent": 8,
            "chars": [
                ""
            ],
            "file": "minecraft:icons/emotes/sheep.png",
            "height": 11,
            "type": "bitmap"
        },
        {
            "ascent": 8,
            "chars": [
                ""
            ],
            "file": "minecraft:icons/emotes/slime.png",
            "height": 8,
            "type": "bitmap"
        },
        {
            "ascent": 8,
            "chars": [
                ""
            ],
            "file": "minecraft:icons/emotes/squid.png",
            "height": 9,
            "type": "bitmap"
        },
        {
            "ascent": 8,
            "chars": [
                ""
            ],
            "file": "minecraft:icons/emotes/glowsquid.png",
            "height": 9,
            "type": "bitmap"
        },
        {
            "ascent": 8,
            "chars": [
                ""
            ],
            "file": "minecraft:icons/emotes/spider.png",
            "height": 11,
            "type": "bitmap"
        },
        {
            "ascent": 8,
            "chars": [
                ""
            ],
            "file": "minecraft:icons/emotes/creeper.png",
            "height": 9,
            "type": "bitmap"
        },
        {
            "ascent": 8,
            "chars": [
                ""
            ],
            "file": "minecraft:icons/emotes/cat.png",
            "height": 9,
            "type": "bitmap"
        },
        {
            "ascent": 8,
            "chars": [
                ""
            ],
            "file": "minecraft:icons/emotes/shulker.png",
            "height": 8,
            "type": "bitmap"
        },
        {
            "ascent": 8,
            "chars": [
                ""
            ],
            "file": "minecraft:icons/emotes/netheritepickaxe.png",
            "height": 9,
            "type": "bitmap"
        },
        {
            "ascent": 8,
            "chars": [
                ""
            ],
            "file": "minecraft:icons/emotes/diamondpickaxe.png",
            "height": 9,
            "type": "bitmap"
        },
        {
            "ascent": 8,
            "chars": [
                ""
            ],
            "file": "minecraft:icons/emotes/goldpickaxe.png",
            "height": 9,
            "type": "bitmap"
        },
        {
            "ascent": 8,
            "chars": [
                ""
            ],
            "file": "minecraft:icons/emotes/ironpickaxe.png",
            "height": 9,
            "type": "bitmap"
        },
        {
            "ascent": 8,
            "chars": [
                ""
            ],
            "file": "minecraft:icons/emotes/diamondshovel.png",
            "height": 9,
            "type": "bitmap"
        },
        {
            "ascent": 8,
            "chars": [
                ""
            ],
            "file": "minecraft:icons/emotes/golden-shovel.png",
            "height": 9,
            "type": "bitmap"
        },
        {
            "ascent": 8,
            "chars": [
                ""
            ],
            "file": "minecraft:icons/emotes/ironshovel.png",
            "height": 9,
            "type": "bitmap"
        },
        {
            "ascent": 8,
            "chars": [
                ""
            ],
            "file": "minecraft:icons/emotes/diamondsword.png",
            "height": 9,
            "type": "bitmap"
        },
        {
            "ascent": 8,
            "chars": [
                ""
            ],
            "file": "minecraft:icons/emotes/golden-sword.png",
            "height": 9,
            "type": "bitmap"
        },
        {
            "ascent": 8,
            "chars": [
                ""
            ],
            "file": "minecraft:icons/emotes/ironsword.png",
            "height": 9,
            "type": "bitmap"
        },
        {
            "ascent": 8,
            "chars": [
                ""
            ],
            "file": "minecraft:icons/emotes/tntblock.png",
            "height": 8,
            "type": "bitmap"
        },
        {
            "ascent": 8,
            "chars": [
                ""
            ],
            "file": "minecraft:icons/emotes/ruby.png",
            "height": 8,
            "height": 8,
            "type": "bitmap"
        },
        {
            "ascent": 8,
            "chars": [
                "自"
            ],
            "file": "minecraft:icons/emotes/sp.png",
            "height": 8,
            "type": "bitmap"
        },
        {
            "ascent": 8,
            "chars": [
                ""
            ],
            "file": "minecraft:icons/emotes/whitegem.png",
            "height": 8,
            "type": "bitmap"
        },
        {
            "ascent": 8,
            "chars": [
                ""
            ],
            "file": "minecraft:icons/emotes/peridot.png",
            "height": 11,
            "type": "bitmap"
        },
        {
            "ascent": 8,
            "chars": [
                ""
            ],
            "file": "minecraft:icons/emotes/ironaxe.png",
            "height": 9,
            "type": "bitmap"
        },
        {
            "ascent": 8,
            "chars": [
                ""
            ],
            "file": "minecraft:icons/emotes/golden-axe.png",
            "height": 9,
            "type": "bitmap"
        },
        {
            "ascent": 8,
            "chars": [
                ""
            ],
            "file": "minecraft:icons/emotes/diamondaxe.png",
            "height": 9,
            "type": "bitmap"
        },
        {
            "ascent": 8,
            "chars": [
                ""
            ],
            "file": "minecraft:icons/emotes/goldenapple.png",
            "height": 8,
            "type": "bitmap"
        },
        {
            "ascent": 8,
            "chars": [
                ""
            ],
            "file": "minecraft:icons/emotes/polarbear.png",
            "height": 11,
            "type": "bitmap"
        },
        {
            "ascent": 8,
            "chars": [
                ""
            ],
            "file": "minecraft:icons/emotes/cake.png",
            "height": 9,
            "type": "bitmap"
        },
        {
            "ascent": 8,
            "chars": [
                ""
            ],
            "file": "minecraft:icons/emotes/cookie.png",
            "height": 10,
            "type": "bitmap"
        },
        {
            "ascent": 8,
            "chars": [
                ""
            ],
            "file": "minecraft:icons/emotes/bread.png",
            "height": 8,
            "type": "bitmap"
        },
        {
            "ascent": 8,
            "chars": [
                ""
            ],
            "file": "minecraft:icons/emotes/netherstar.png",
            "height": 8,
            "type": "bitmap"
        },
        {
            "ascent": 8,
            "chars": [
                ""
            ],
            "file": "minecraft:icons/emotes/emptybottle.png",
            "height": 8,
            "type": "bitmap"
        },
        {
            "ascent": 8,
            "chars": [
                ""
            ],
            "file": "minecraft:icons/emotes/fullredbottle.png",
            "height": 8,
            "type": "bitmap"
        },
        {
            "ascent": 8,
            "chars": [
                ""
            ],
            "file": "minecraft:icons/emotes/trident.png",
            "height": 8,
            "type": "bitmap"
        },
        {
            "ascent": 8,
            "chars": [
                ""
            ],
            "file": "minecraft:icons/emotes/shield.png",
            "height": 8,
            "type": "bitmap"
        },
        {
            "ascent": 8,
            "chars": [
                ""
            ],
            "file": "minecraft:icons/emotes/berry.png",
            "height": 11,
            "type": "bitmap"
        },
        {
            "ascent": 8,
            "chars": [
                ""
            ],
            "file": "minecraft:icons/emotes/arrow.png",
            "height": 9,
            "type": "bitmap"
        },
        {
            "ascent": 8,
            "chars": [
                ""
            ],
            "file": "minecraft:icons/emotes/book.png",
            "height": 10,
            "type": "bitmap"
        },
        {
            "ascent": 8,
            "chars": [
                ""
            ],
            "file": "minecraft:icons/emotes/enchantedbook.png",
            "height": 10,
            "type": "bitmap"
        },
        {
            "ascent": 8,
            "chars": [
                ""
            ],
            "file": "minecraft:icons/emotes/enchantbottle.png",
            "height": 9,
            "type": "bitmap"
        },
        {
            "ascent": 8,
            "chars": [
                ""
            ],
            "file": "minecraft:icons/emotes/redstone.png",
            "height": 9,
            "type": "bitmap"
        },
        {
            "ascent": 8,
            "chars": [
                ""
            ],
            "file": "minecraft:icons/emotes/dandelion.png",
            "height": 9,
            "type": "bitmap"
        },
        {
            "ascent": 8,
            "chars": [
                ""
            ],
            "file": "minecraft:icons/emotes/poppy.png",
            "height": 9,
            "type": "bitmap"
        },
        {
            "ascent": 8,
            "chars": [
                ""
            ],
            "file": "minecraft:icons/emotes/heart.png",
            "height": 10,
            "type": "bitmap"
        },
        {
            "ascent": 8,
            "chars": [
                ""
            ],
            "file": "minecraft:icons/emotes/carrot.png",
            "height": 9,
            "type": "bitmap"
        },
        {
            "ascent": 8,
            "chars": [
                ""
            ],
            "file": "minecraft:icons/emotes/potato.png",
            "height": 9,
            "type": "bitmap"
        },
        {
            "ascent": 8,
            "chars": [
                ""
            ],
            "file": "minecraft:icons/emotes/apple.png",
            "height": 8,
            "type": "bitmap"
        },
        {
            "ascent": 8,
            "chars": [
                ""
            ],
            "file": "minecraft:icons/emotes/valentines-card3.png",
            "height": 8,
            "type": "bitmap"
        },
        {
            "ascent": 8,
            "chars": [
                ""
            ],
            "file": "minecraft:icons/emotes/heart-valentine.png",
            "height": 8,
            "type": "bitmap"
        },
        {
            "ascent": 8,
            "chars": [
                ""
            ],
            "file": "minecraft:icons/emotes/wumpus-body.png",
            "height": 8,
            "type": "bitmap"
        },
        {
            "ascent": 8,
            "chars": [
                ""
            ],
            "file": "minecraft:icons/emotes/discord-heart-wumpus.png",
            "height": 8,
            "type": "bitmap"
        },
        {
            "ascent": 8,
            "chars": [
                ""
            ],
            "file": "minecraft:icons/emotes/discord-wumpus2.png",
            "height": 8,
            "type": "bitmap"
        },
        {
            "ascent": 8,
            "chars": [
                ""
            ],
            "file": "minecraft:icons/emotes/wumpus.png",
            "height": 8,
            "type": "bitmap"
        },
        {
            "ascent": 8,
            "chars": [
                ""
            ],
            "file": "minecraft:icons/emotes/booster.png",
            "height": 8,
            "type": "bitmap"
        },
        {
            "ascent": 8,
            "chars": [
                ""
            ],
            "file": "minecraft:icons/emotes/discord-booster-wumpus.png",
            "height": 8,
            "type": "bitmap"
        },
        {
            "ascent": 8,
            "chars": [
                ""
            ],
            "file": "minecraft:icons/emotes/sunflower.png",
            "height": 12,
            "type": "bitmap"
        },
        {
            "ascent": -32768,
            "chars": [
                "逄"
            ],
            "file": "icons/txt/pixel_split.png",
            "height": -3,
            "type": "bitmap"
        },
        {
            "ascent": 8,
            "chars": [
                ""
            ],
            "file": "minecraft:icons/emotes/rainbow.png",
            "height": 10,
            "type": "bitmap"
        },
        {
            "ascent": 11,
            "chars": [
                "",
                "",
                ""
            ],
            "file": "icons/emotes/emojis.png",
            "height": 16,
            "type": "bitmap"
        },
        {
            "ascent": 8,
            "chars": [
                ""
            ],
            "file": "minecraft:icons/emotes/basket.png",
            "height": 10,
            "type": "bitmap"
        },
        {
            "ascent": 8,
            "chars": [
                ""
            ],
            "file": "minecraft:icons/emotes/easteregg.png",
            "height": 10,
            "type": "bitmap"
        },
        {
            "ascent": 8,
            "chars": [
                ""
            ],
            "file": "minecraft:icons/emotes/globe.png",
            "height": 10,
            "type": "bitmap"
        },
        {
            "ascent": 8,
            "chars": [
                ""
            ],
            "file": "minecraft:icons/emotes/moon.png",
            "height": 10,
            "type": "bitmap"
        },
        {
            "ascent": 8,
            "chars": [
                ""
            ],
            "file": "minecraft:icons/emotes/red_blade.png",
            "height": 10,
            "type": "bitmap"
        },
        {
            "ascent": 8,
            "chars": [
                ""
            ],
            "file": "minecraft:icons/smiles/heart.png",
            "height": 10,
            "type": "bitmap"
        },
        {
            "ascent": 11,
            "chars": [
                ""
            ],
            "file": "minecraft:icons/smiles/head-fox.png",
            "height": 10,
            "type": "bitmap"
        },
        {
            "ascent": 8,
            "chars": [
                ""
            ],
            "file": "minecraft:icons/smiles/ghast.png",
            "height": 10,
            "type": "bitmap"
        },
        {
            "ascent": 8,
            "chars": [
                ""
            ],
            "file": "minecraft:icons/smiles/gun.png",
            "height": 10,
            "type": "bitmap"
        },
        {
            "ascent": 8,
            "chars": [
                ""
            ],
            "file": "minecraft:icons/smiles/stevedrip.png",
            "height": 10,
            "type": "bitmap"
        },
        {
            "ascent": 8,
            "chars": [
                ""
            ],
            "file": "minecraft:icons/smiles/bed.png",
            "height": 10,
            "type": "bitmap"
        },
        {
            "ascent": 8,
            "chars": [
                ""
            ],
            "file": "minecraft:icons/smiles/yes.png",
            "height": 10,
            "type": "bitmap"
        },
        {
            "ascent": 8,
            "chars": [
                ""
            ],
            "file": "minecraft:icons/smiles/no.png",
            "height": 10,
            "type": "bitmap"
        },
        {
            "ascent": 8,
            "chars": [
                ""
            ],
            "file": "minecraft:icons/twitch/resnya.png",
            "height": 10,
            "type": "bitmap"
        },
        {
            "ascent": 8,
            "chars": [
                ""
            ],
            "file": "minecraft:icons/twitch/toxik.png",
            "height": 10,
            "type": "bitmap"
        },
        {
            "ascent": 8,
            "chars": [
                ""
            ],
            "file": "minecraft:icons/twitch/imposter.png",
            "height": 10,
            "type": "bitmap"
        },
        {
            "ascent": 8,
            "chars": [
                ""
            ],
            "file": "minecraft:icons/twitch/hi.png",
            "height": 10,
            "type": "bitmap"
        },
        {
            "ascent": 8,
            "chars": [
                ""
            ],
            "file": "minecraft:icons/twitch/suicide.png",
            "height": 10,
            "type": "bitmap"
        },
        {
            "ascent": 8,
            "chars": [
                ""
            ],
            "file": "minecraft:icons/twitch/pain.png",
            "height": 10,
            "type": "bitmap"
        },
        {
            "ascent": 8,
            "chars": [
                ""
            ],
            "file": "minecraft:icons/twitch/love.png",
            "height": 10,
            "type": "bitmap"
        },
        {
            "ascent": 8,
            "chars": [
                ""
            ],
            "file": "minecraft:icons/twitch/mmm.png",
            "height": 10,
            "type": "bitmap"
        },
        {
            "ascent": 8,
            "chars": [
                ""
            ],
            "file": "minecraft:icons/twitch/net.png",
            "height": 10,
            "type": "bitmap"
        },
        {
            "ascent": 8,
            "chars": [
                ""
            ],
            "file": "minecraft:icons/twitch/da.png",
            "height": 10,
            "type": "bitmap"
        },
        {
            "ascent": 8,
            "chars": [
                ""
            ],
            "file": "minecraft:icons/twitch/ym.png",
            "height": 10,
            "type": "bitmap"
        },
        {
            "ascent": 8,
            "chars": [
                ""
            ],
            "file": "minecraft:icons/twitch/ohgod.png",
            "height": 10,
            "type": "bitmap"
        },
        {
            "ascent": 8,
            "chars": [
                ""
            ],
            "file": "minecraft:icons/twitch/old.png",
            "height": 10,
            "type": "bitmap"
        },
        {
            "ascent": 8,
            "chars": [
                ""
            ],
            "file": "minecraft:icons/twitch/ban.png",
            "height": 10,
            "type": "bitmap"
        },
        {
            "ascent": 8,
            "chars": [
                ""
            ],
            "file": "minecraft:icons/twitch/ahah.png",
            "height": 10,
            "type": "bitmap"
        },
        {
            "ascent": 8,
            "chars": [
                ""
            ],
            "file": "minecraft:icons/twitch/xz.png",
            "height": 10,
            "type": "bitmap"
        },
        {
            "ascent": 8,
            "chars": [
                ""
            ],
            "file": "minecraft:icons/twitch/what.png",
            "height": 10,
            "type": "bitmap"
        },
        {
            "ascent": 8,
            "chars": [
                ""
            ],
            "file": "minecraft:icons/twitch/nig.png",
            "height": 10,
            "type": "bitmap"
        },
        {
            "ascent": 8,
            "chars": [
                ""
            ],
            "file": "minecraft:icons/twitch/pepe.png",
            "height": 10,
            "type": "bitmap"
        },
        {
            "ascent": 8,
            "chars": [
                ""
            ],
            "file": "minecraft:icons/twitch/spr.png",
            "height": 10,
            "type": "bitmap"
        },
        {
            "ascent": 8,
            "chars": [
                ""
            ],
            "file": "minecraft:icons/twitch/notlike.png",
            "height": 10,
            "type": "bitmap"
        },
        {
            "ascent": 8,
            "chars": [
                ""
            ],
            "file": "minecraft:icons/twitch/pepedymaet.png",
            "height": 10,
            "type": "bitmap"
        },
        {
            "ascent": 8,
            "chars": [
                ""
            ],
            "file": "minecraft:icons/twitch/geniu.png",
            "height": 10,
            "type": "bitmap"
        },
        {
            "ascent": 8,
            "chars": [
                ""
            ],
            "file": "minecraft:icons/twitch/jabaxz.png",
            "height": 10,
            "type": "bitmap"
        },
        {
            "ascent": 8,
            "chars": [
                ""
            ],
            "file": "minecraft:icons/twitch/ytka.png",
            "height": 10,
            "type": "bitmap"
        },
        {
            "ascent": 8,
            "chars": [
                ""
            ],
            "file": "minecraft:icons/twitch/dontme.png",
            "height": 10,
            "type": "bitmap"
        },
        {
            "ascent": 8,
            "chars": [
                ""
            ],
            "file": "minecraft:icons/twitch/olddada.png",
            "height": 10,
            "type": "bitmap"
        },
        {
            "ascent": 8,
            "chars": [
                ""
            ],
            "file": "minecraft:icons/twitch/bad.png",
            "height": 10,
            "type": "bitmap"
        },
        {
            "ascent": 8,
            "chars": [
                ""
            ],
            "file": "minecraft:icons/twitch/ban2.png",
            "height": 10,
            "type": "bitmap"
        },
        {
            "ascent": 8,
            "chars": [
                ""
            ],
            "file": "minecraft:icons/twitch/eesyka.png",
            "height": 10,
            "type": "bitmap"
        },
        {
            "ascent": 8,
            "chars": [
                ""
            ],
            "file": "minecraft:icons/twitch/a.png",
            "height": 10,
            "type": "bitmap"
        },
        {
            "ascent": 8,
            "chars": [
                ""
            ],
            "file": "minecraft:icons/twitch/megamozg.png",
            "height": 10,
            "type": "bitmap"
        },
        {
            "ascent": 8,
            "chars": [
                ""
            ],
            "file": "minecraft:icons/arx/message.png",
            "height": 8,
            "type": "bitmap"
        },
        {
            "ascent": 8,
            "chars": [
                "􀁂"
            ],
            "file": "minecraft:icons/arx/notify.png",
            "height": 8,
            "type": "bitmap"
        },
        {
            "ascent": 8,
            "chars": [
                "􀁃"
            ],
            "file": "minecraft:icons/arx/warn.png",
            "height": 8,
            "type": "bitmap"
        },
        {
            "ascent": 42,
            "chars": [
                "􀁄"
            ],
            "file": "minecraft:icons/txt/arxonium11.png",
            "height": 60,
            "type": "bitmap"
        },
        {
            "ascent": 10,
            "chars": [
                "􀁅"
            ],
            "file": "minecraft:icons/twitch/nya.png",
            "height": 8,
            "type": "bitmap"
        }
    ]
}
